Fecha,Media
20/6/2009,0.862611659
21/6/2009,0.808105977
22/6/2009,0.770188981
23/6/2009,0.625630434
24/6/2009,0.645773838
25/6/2009,0.995321145
26/6/2009,1.342498639
27/6/2009,0.449079421
28/6/2009,0.330588809
29/6/2009,0.550981348
30/6/2009,0.610226654
1/7/2009,0.729902173
2/7/2009,0.718053112
3/7/2009,0.695539895
4/7/2009,0.508324727
5/7/2009,0.451449233
6/7/2009,0.827064475
7/7/2009,0.825879569
8/7/2009,0.616151185
9/7/2009,0.66354743
10/7/2009,0.657622899
11/7/2009,0.274898221
12/7/2009,0.172996294
13/7/2009,0.303335968
14/7/2009,0.332958621
15/7/2009,0.318739748
16/7/2009,0.409977519
17/7/2009,0.419456768
18/7/2009,0.0580604
19/7/2009,0.04265662
20/7/2009,0.24764538
21/7/2009,0.183660449
22/7/2009,0.214468009
23/7/2009,0.188400074
24/7/2009,0.190769886
25/7/2009,0.030807559
26/7/2009,0.020143404
27/7/2009,0.119675519
28/7/2009,0.126784955
29/7/2009,0.123230237
30/7/2009,0.107826457
31/7/2009,0.098347208
1/8/2009,0.01540378
2/8/2009,0.039101902
3/8/2009,0.078203804
4/8/2009,0.065169837
5/8/2009,0.016588686
6/8/2009,0.061615118
7/8/2009,0.219207633
8/8/2009,0.355471837
9/8/2009,1.133955161
10/8/2009,0.818770132
11/8/2009,0.312815217
12/8/2009,0.214468009
13/8/2009,0.286747282
14/8/2009,0.188400074
15/8/2009,0.100717021
16/8/2009,0.056875494
17/8/2009,0.182475543
18/8/2009,0.162332139
19/8/2009,0.22631707
20/8/2009,0.142188735
21/8/2009,0.117305706
22/8/2009,0.063984931
23/8/2009,0.037916996
24/8/2009,0.07346418
25/8/2009,0.118490612
26/8/2009,0.182475543
27/8/2009,0.120860425
28/8/2009,0.13152458
29/8/2009,0.039101902
30/8/2009,0.014218873
31/8/2009,0.060430212
1/9/2009,0.105456645
2/9/2009,0.145743453
3/9/2009,0.061615118
4/9/2009,0.092422678
5/9/2009,0.031992465
6/9/2009,0.011849061
7/9/2009,0.013033967
8/9/2009,0.023698122
9/9/2009,0.022513216
10/9/2009,0.022513216
11/9/2009,0.02132831
12/9/2009,0.037916996
13/9/2009,0.065169837
14/9/2009,0.047396245
15/9/2009,0.03673209
16/9/2009,0.266603878
17/9/2009,0.15285289
18/9/2009,0.130339674
19/9/2009,0.090052865
20/9/2009,0.055690588
21/9/2009,0.112566082
22/9/2009,0.600747405
23/9/2009,0.343622776
24/9/2009,0.208543478
25/9/2009,0.149298172
26/9/2009,0.162332139
27/9/2009,0.188400074
28/9/2009,0.188400074
29/9/2009,0.129154768
30/9/2009,0.114935894
1/10/2009,0.103086833
2/10/2009,0.080573616
3/10/2009,0.054505682
4/10/2009,0.046211339
5/10/2009,0.04265662
6/10/2009,0.03673209
7/10/2009,0.020143404
8/10/2009,0.138634017
9/10/2009,0.084128335
10/10/2009,0.022513216
11/10/2009,0.020143404
12/10/2009,0.033177371
13/10/2009,0.09479249
14/10/2009,0.101901927
15/10/2009,0.088867959
16/10/2009,0.084128335
17/10/2009,0.017773592
18/10/2009,0.005924531
19/10/2009,0.091237772
20/10/2009,0.114935894
21/10/2009,1.592513832
22/10/2009,0.806921071
23/10/2009,0.439600172
24/10/2009,0.380354866
25/10/2009,0.460928482
26/10/2009,0.592453062
27/10/2009,0.690800271
28/10/2009,0.317554841
29/10/2009,0.353102025
30/10/2009,0.489366229
31/10/2009,0.144558547
1/11/2009,0.090052865
2/11/2009,0.250015192
3/11/2009,0.303335968
4/11/2009,0.283192564
5/11/2009,0.255939723
6/11/2009,0.373245429
7/11/2009,0.280822752
8/11/2009,0.319924654
9/11/2009,0.329403903
10/11/2009,0.47396245
11/11/2009,0.436045454
12/11/2009,0.491736042
13/11/2009,0.515434164
14/11/2009,0.489366229
15/11/2009,0.2322416
16/11/2009,0.453819046
17/11/2009,0.623260622
18/11/2009,0.709758769
19/11/2009,0.687245552
20/11/2009,0.715683299
21/11/2009,0.509509634
22/11/2009,0.361396368
23/11/2009,0.351917119
24/11/2009,0.395758646
25/11/2009,0.309260499
26/11/2009,0.296226531
27/11/2009,0.271343503
28/11/2009,0.118490612
29/11/2009,0.07938871
30/11/2009,0.233426507
1/12/2009,0.207358572
2/12/2009,0.191954792
3/12/2009,0.242905756
4/12/2009,0.407607707
5/12/2009,0.125600049
6/12/2009,0.059245306
7/12/2009,0.241720849
8/12/2009,0.0580604
9/12/2009,0.325849184
10/12/2009,0.329403903
11/12/2009,0.314000123
12/12/2009,0.046211339
13/12/2009,0.033177371
14/12/2009,0.187215168
15/12/2009,0.103086833
16/12/2009,0.063984931
17/12/2009,0.111381176
18/12/2009,0.144558547
19/12/2009,0.027252841
20/12/2009,0.022513216
21/12/2009,0.194324604
22/12/2009,0.328218997
23/12/2009,0.370875617
24/12/2009,3.035729491
25/12/2009,1.714559162
26/12/2009,0.965698492
27/12/2009,0.673026679
28/12/2009,0.518988883
29/12/2009,0.555720972
30/12/2009,1.568815709
31/12/2009,1.709819538
1/1/2010,0.784407855
2/1/2010,0.964513585
3/1/2010,0.475147356
4/1/2010,0.848392785
5/1/2010,0.542687005
6/1/2010,0.411162425
7/1/2010,0.536762474
8/1/2010,0.498845478
9/1/2010,0.32703409
10/1/2010,0.13744911
11/1/2010,0.337698246
12/1/2010,0.328218997
13/1/2010,0.207358572
14/1/2010,0.383909584
15/1/2010,0.526098319
16/1/2010,0.272528409
17/1/2010,0.093607584
18/1/2010,0.316369935
19/1/2010,0.434860548
20/1/2010,0.253569911
21/1/2010,0.231056694
22/1/2010,0.298596343
23/1/2010,0.056875494
24/1/2010,0.052135869
25/1/2010,0.209728384
26/1/2010,0.197879323
27/1/2010,0.21091329
28/1/2010,0.30570578
29/1/2010,0.353102025
30/1/2010,0.071094367
31/1/2010,0.065169837
1/2/2010,0.193139698
2/2/2010,0.18958498
3/2/2010,0.1741812
4/2/2010,0.193139698
5/2/2010,0.331773715
6/2/2010,0.040286808
7/2/2010,0.033177371
8/2/2010,0.194324604
9/2/2010,0.202618947
10/2/2010,0.183660449
11/2/2010,0.163517045
12/2/2010,0.285562376
13/2/2010,0.028437747
14/2/2010,0.022513216
15/2/2010,0.141003829
16/2/2010,0.16825667
17/2/2010,0.245275568
18/2/2010,0.219207633
19/2/2010,0.159962327
20/2/2010,0.024883029
21/2/2010,0.024883029
22/2/2010,0.184845355
23/2/2010,0.178920825
24/2/2010,0.175366106
25/2/2010,0.143373641
26/2/2010,0.142188735
27/2/2010,0.071094367
28/2/2010,0.411162425
1/3/2010,0.40049827
2/3/2010,0.271343503
3/3/2010,0.220392539
4/3/2010,0.278452939
5/3/2010,0.264234066
6/3/2010,0.13744911
7/3/2010,0.063984931
8/3/2010,0.138634017
9/3/2010,0.13152458
10/3/2010,0.106641551
11/3/2010,0.150483078
12/3/2010,0.361396368
13/3/2010,0.082943429
14/3/2010,0.04265662
15/3/2010,0.095977396
16/3/2010,0.097162302
17/3/2010,0.112566082
18/3/2010,0.130339674
19/3/2010,0.250015192
20/3/2010,0.329403903
21/3/2010,0.587713438
22/3/2010,0.842468255
23/3/2010,1.25955521
24/3/2010,0.74293614
25/3/2010,1.10077779
26/3/2010,1.02731361
27/3/2010,0.844838067
28/3/2010,0.629185152
29/3/2010,0.778483324
30/3/2010,0.766634263
31/3/2010,0.85313241
1/4/2010,0.855502222
2/4/2010,0.486996417
3/4/2010,0.464483201
4/4/2010,0.353102025
5/4/2010,0.336513339
6/4/2010,0.630370058
7/4/2010,0.64221912
8/4/2010,0.670656867
9/4/2010,0.53202285
10/4/2010,0.425381299
11/4/2010,0.523728507
12/4/2010,0.933706026
13/4/2010,0.763079544
14/4/2010,0.646958744
15/4/2010,0.687245552
16/4/2010,0.508324727
17/4/2010,0.356656744
18/4/2010,0.344807682
19/4/2010,0.695539895
20/4/2010,1.096038165
21/4/2010,0.914747528
22/4/2010,1.513125121
23/4/2010,1.777359187
24/4/2010,1.606732705
25/4/2010,2.110317808
26/4/2010,2.54399345
27/4/2010,2.590204788
28/4/2010,2.558212323
29/4/2010,2.814152046
30/4/2010,3.86160906
1/5/2010,4.589141421
2/5/2010,3.823692064
3/5/2010,3.123412545
4/5/2010,2.225253702
5/5/2010,1.977608322
6/5/2010,1.594883644
7/5/2010,1.581849676
8/5/2010,1.212158966
9/5/2010,1.943246044
10/5/2010,2.584280258
11/5/2010,2.579540633
12/5/2010,2.472899082
13/5/2010,2.446831147
14/5/2010,2.125721588
15/5/2010,1.556966648
16/5/2010,1.657683668
17/5/2010,1.616211954
18/5/2010,1.503645872
19/5/2010,1.279698615
20/5/2010,1.629245921
21/5/2010,1.802242216
22/5/2010,2.142310273
23/5/2010,2.417208494
24/5/2010,2.82837092
25/5/2010,3.246642782
26/5/2010,3.638846709
27/5/2010,4.111624253
28/5/2010,4.827307552
29/5/2010,3.299963557
30/5/2010,3.484808913
31/5/2010,5.295345471
1/6/2010,5.257428475
2/6/2010,4.053563852
3/6/2010,3.442152292
4/6/2010,2.94449172
5/6/2010,2.547548168
6/6/2010,3.385276798
7/6/2010,2.818891671
8/6/2010,3.004921932
9/6/2010,5.750349423
10/6/2010,7.890289884
11/6/2010,6.60111202
12/6/2010,5.114054834
13/6/2010,3.747858072
14/6/2010,4.520416866
15/6/2010,6.201798656
16/6/2010,4.835601895
17/6/2010,3.836726032
18/6/2010,3.636476897
19/6/2010,2.713435025
20/6/2010,2.767940707
21/6/2010,2.743057679
22/6/2010,2.22880842
23/6/2010,1.952725293
24/6/2010,2.068846094
25/6/2010,1.993012102
26/6/2010,2.019080036
27/6/2010,2.189706518
28/6/2010,3.030989867
29/6/2010,2.547548168
30/6/2010,2.233548045
1/7/2010,1.987087571
2/7/2010,1.899404518
3/7/2010,1.482317562
4/7/2010,1.729962942
5/7/2010,1.771434656
6/7/2010,1.418332631
7/7/2010,1.302211831
8/7/2010,1.32709486
9/7/2010,1.279698615
10/7/2010,1.092483447
11/7/2010,1.343683545
12/7/2010,1.340128827
13/7/2010,0.89578903
14/7/2010,0.936075838
15/7/2010,0.860241846
16/7/2010,0.784407855
17/7/2010,0.554536066
18/7/2010,0.438415266
19/7/2010,0.492920948
20/7/2010,0.577049283
21/7/2010,0.466853013
22/7/2010,0.773743699
23/7/2010,1.540377962
24/7/2010,0.921856965
25/7/2010,0.459743576
26/7/2010,0.579419095
27/7/2010,0.447894515
28/7/2010,0.501215291
29/7/2010,0.401683176
30/7/2010,0.391019021
31/7/2010,0.234611413
1/8/2010,0.212098196
2/8/2010,0.389834115
3/8/2010,0.40049827
4/8/2010,0.206173666
5/8/2010,0.279637845
6/8/2010,0.289117094
7/8/2010,0.151667984
8/8/2010,0.107826457
9/8/2010,0.164701951
10/8/2010,0.157592515
11/8/2010,0.150483078
12/8/2010,0.51661907
13/8/2010,0.451449233
14/8/2010,0.190769886
15/8/2010,0.101901927
16/8/2010,0.103086833
17/8/2010,0.109011363
18/8/2010,0.145743453
19/8/2010,0.270158596
20/8/2010,0.165886857
21/8/2010,0.250015192
22/8/2010,0.181290637
23/8/2010,0.117305706
24/8/2010,0.061615118
25/8/2010,0.063984931
26/8/2010,0.053320776
27/8/2010,0.047396245
28/8/2010,0.039101902
29/8/2010,0.037916996
30/8/2010,0.041471714
31/8/2010,0.037916996
1/9/2010,0.040286808
2/9/2010,0.074649086
3/9/2010,0.060430212
4/9/2010,0.041471714
5/9/2010,0.035547184
6/9/2010,0.074649086
7/9/2010,0.119675519
8/9/2010,0.07346418
9/9/2010,0.13152458
10/9/2010,0.202618947
11/9/2010,0.016588686
12/9/2010,0.014218873
13/9/2010,0.048581151
14/9/2010,0.13152458
15/9/2010,0.048581151
16/9/2010,0.040286808
17/9/2010,0.118490612
18/9/2010,0.097162302
19/9/2010,0.022513216
20/9/2010,0.143373641
21/9/2010,0.026067935
22/9/2010,0.043841527
23/9/2010,0.04265662
24/9/2010,0.04265662
25/9/2010,0.045026433
26/9/2010,0.043841527
27/9/2010,0.117305706
28/9/2010,0.182475543
29/9/2010,0.054505682
30/9/2010,0.075833992
1/10/2010,0.060430212
2/10/2010,0.005924531
3/10/2010,0.003554718
4/10/2010,0.496475666
5/10/2010,0.178920825
6/10/2010,0.077018898
7/10/2010,0.105456645
8/10/2010,0.133894392
9/10/2010,0.017773592
10/10/2010,1.338943921
11/10/2010,1.368566574
12/10/2010,0.99058152
13/10/2010,0.524913413
14/10/2010,0.276083127
15/10/2010,0.45855867
16/10/2010,0.149298172
17/10/2010,0.246460474
18/10/2010,0.164701951
19/10/2010,0.222762351
20/10/2010,0.170626482
21/10/2010,0.324664278
22/10/2010,0.257124629
23/10/2010,0.033177371
24/10/2010,0.030807559
25/10/2010,0.163517045
26/10/2010,0.162332139
27/10/2010,0.257124629
28/10/2010,0.283192564
29/10/2010,0.26304916
30/10/2010,0.055690588
31/10/2010,0.227501976
1/11/2010,0.370875617
2/11/2010,0.662362524
3/11/2010,0.30570578
4/11/2010,0.471592638
5/11/2010,0.537947381
6/11/2010,0.221577445
7/11/2010,0.287932188
8/11/2010,0.331773715
9/11/2010,0.32110956
10/11/2010,0.212098196
11/11/2010,0.250015192
12/11/2010,0.287932188
13/11/2010,0.114935894
14/11/2010,0.141003829
15/11/2010,0.233426507
16/11/2010,0.330588809
17/11/2010,0.154037796
18/11/2010,0.318739748
19/11/2010,0.323479372
20/11/2010,0.107826457
21/11/2010,0.046211339
22/11/2010,0.233426507
23/11/2010,0.159962327
24/11/2010,0.194324604
25/11/2010,0.195509511
26/11/2010,0.085313241
27/11/2010,0.033177371
28/11/2010,0.028437747
29/11/2010,0.231056694
30/11/2010,0.030807559
1/12/2010,0.188400074
2/12/2010,0.196694417
3/12/2010,0.09479249
4/12/2010,0.016588686
5/12/2010,0.02132831
6/12/2010,0.059245306
7/12/2010,0.594822875
8/12/2010,0.56875494
9/12/2010,1.129215537
10/12/2010,0.405237895
11/12/2010,0.255939723
12/12/2010,0.161147233
13/12/2010,0.507139821
14/12/2010,0.369690711
15/12/2010,0.190769886
16/12/2010,0.221577445
17/12/2010,0.347177495
18/12/2010,0.325849184
19/12/2010,0.052135869
20/12/2010,0.402868082
21/12/2010,0.39457374
22/12/2010,0.515434164
23/12/2010,0.630370058
24/12/2010,0.364951086
25/12/2010,0.067539649
26/12/2010,0.050950963
27/12/2010,0.376800148
28/12/2010,0.311630311
29/12/2010,0.283192564
30/12/2010,0.350732213
31/12/2010,0.286747282
1/1/2011,0.031992465
2/1/2011,0.054505682
3/1/2011,0.396943552
4/1/2011,0.219207633
5/1/2011,0.181290637
6/1/2011,0.200249135
7/1/2011,0.251200098
8/1/2011,0.024883029
9/1/2011,0.03673209
10/1/2011,0.282007658
11/1/2011,0.289117094
12/1/2011,0.273713315
13/1/2011,0.225132164
14/1/2011,0.130339674
15/1/2011,0.024883029
16/1/2011,0.022513216
17/1/2011,0.372060523
18/1/2011,0.254754817
19/1/2011,0.180105731
20/1/2011,0.167071764
21/1/2011,0.100717021
22/1/2011,0.016588686
23/1/2011,0.010664155
24/1/2011,0.292671813
25/1/2011,0.161147233
26/1/2011,0.092422678
27/1/2011,0.155222702
28/1/2011,0.161147233
29/1/2011,0.014218873
30/1/2011,0.008294343
31/1/2011,0.246460474
1/2/2011,0.197879323
2/2/2011,0.053320776
3/2/2011,0.143373641
4/2/2011,0.095977396
5/2/2011,0.007109437
6/2/2011,0.003554718
7/2/2011,0.273713315
8/2/2011,0.054505682
9/2/2011,0.054505682
10/2/2011,0.196694417
11/2/2011,0.122045331
12/2/2011,0.010664155
13/2/2011,0.007109437
14/2/2011,0.148113266
15/2/2011,0.143373641
16/2/2011,0.098347208
17/2/2011,0.099532114
18/2/2011,0.085313241
19/2/2011,0.007109437
20/2/2011,0.004739624
21/2/2011,0.141003829
22/2/2011,0.157592515
23/2/2011,0.149298172
24/2/2011,0.063984931
25/2/2011,0.114935894
26/2/2011,0.027252841
27/2/2011,0.020143404
28/2/2011,0.227501976
1/3/2011,0.049766057
2/3/2011,0.045026433
3/3/2011,0.037916996
4/3/2011,0.069909461
5/3/2011,0.009479249
6/3/2011,0.004739624
7/3/2011,0.107826457
8/3/2011,0.0580604
9/3/2011,0.048581151
10/3/2011,0.052135869
11/3/2011,0.104271739
12/3/2011,0.060430212
13/3/2011,0.067539649
14/3/2011,0.176551013
15/3/2011,0.286747282
16/3/2011,0.373245429
17/3/2011,0.360211462
18/3/2011,0.355471837
19/3/2011,0.106641551
20/3/2011,0.072279274
21/3/2011,0.193139698
22/3/2011,0.191954792
23/3/2011,0.136264204
24/3/2011,0.16825667
25/3/2011,0.391019021
26/3/2011,0.138634017
27/3/2011,0.086498147
28/3/2011,0.264234066
29/3/2011,0.279637845
30/3/2011,0.388649209
31/3/2011,0.434860548
1/4/2011,0.676581397
2/4/2011,0.732271985
3/4/2011,1.533268525
4/4/2011,2.450385866
5/4/2011,2.346114127
6/4/2011,2.032114004
7/4/2011,1.907698861
8/4/2011,2.224068796
9/4/2011,2.329525441
10/4/2011,2.320046192
11/4/2011,2.25961598
12/4/2011,1.911253579
13/4/2011,1.77024975
14/4/2011,1.481132656
15/4/2011,1.359087325
16/4/2011,1.071155137
17/4/2011,1.096038165
18/4/2011,1.096038165
19/4/2011,1.103147602
20/4/2011,1.073524949
21/4/2011,0.996506051
22/4/2011,0.988211708
23/4/2011,0.848392785
24/4/2011,0.936075838
25/4/2011,1.081819292
26/4/2011,1.212158966
27/4/2011,1.061675888
28/4/2011,1.009540018
29/4/2011,0.847207879
30/4/2011,0.569939846
1/5/2011,0.79507201
2/5/2011,0.878015438
3/5/2011,0.780853136
4/5/2011,0.862611659
5/5/2011,0.930151308
6/5/2011,1.034423047
7/5/2011,1.229932557
8/5/2011,1.963389449
9/5/2011,1.76432522
10/5/2011,1.520234558
11/5/2011,1.603177987
12/5/2011,1.897034706
13/5/2011,1.837789399
14/5/2011,1.302211831
15/5/2011,1.541562868
16/5/2011,1.38515526
17/5/2011,1.246521243
18/5/2011,1.287992957
19/5/2011,1.350792982
20/5/2011,1.267849553
21/5/2011,0.710943675
22/5/2011,0.928966402
23/5/2011,1.266664647
24/5/2011,0.942000369
25/5/2011,0.849577691
26/5/2011,0.965698492
27/5/2011,1.633985546
28/5/2011,0.989396614
29/5/2011,0.994136239
30/5/2011,1.269034459
31/5/2011,1.393449603
1/6/2011,0.832989006
2/6/2011,0.840098442
3/6/2011,1.073524949
4/6/2011,1.336574109
5/6/2011,1.188460843
6/6/2011,1.318800517
7/6/2011,1.169502345
8/6/2011,1.207419341
9/6/2011,1.168317439
10/6/2011,1.25363068
11/6/2011,0.973992834
12/6/2011,0.979917365
13/6/2011,1.164762721
14/6/2011,1.058121169
15/6/2011,0.869721095
16/6/2011,0.881570157
17/6/2011,0.928966402
18/6/2011,0.536762474
19/6/2011,0.57467947
20/6/2011,0.643404026
21/6/2011,0.655253087
22/6/2011,0.74293614
23/6/2011,0.702649332
24/6/2011,0.702649332
25/6/2011,0.32703409
26/6/2011,0.164701951
27/6/2011,0.449079421
28/6/2011,0.41590205
29/6/2011,0.550981348
30/6/2011,0.45263414
1/7/2011,0.270158596
2/7/2011,0.048581151
3/7/2011,0.195509511
4/7/2011,0.593637968
5/7/2011,0.228686882
6/7/2011,0.201434041
7/7/2011,0.35784165
8/7/2011,0.195509511
9/7/2011,0.07938871
10/7/2011,0.066354743
11/7/2011,0.119675519
12/7/2011,0.129154768
13/7/2011,0.291486907
14/7/2011,0.32110956
15/7/2011,0.172996294
16/7/2011,0.100717021
17/7/2011,0.052135869
18/7/2011,0.087683053
19/7/2011,0.097162302
20/7/2011,0.084128335
21/7/2011,0.081758523
22/7/2011,0.105456645
23/7/2011,0.027252841
24/7/2011,0.007109437
25/7/2011,0.113750988
26/7/2011,0.380354866
27/7/2011,0.383909584
28/7/2011,0.447894515
29/7/2011,0.234611413
30/7/2011,0.045026433
31/7/2011,0.02132831
1/8/2011,0.1161208
2/8/2011,0.092422678
3/8/2011,0.101901927
4/8/2011,0.125600049
5/8/2011,0.650513462
6/8/2011,0.613781373
7/8/2011,0.26897369
8/8/2011,0.13744911
9/8/2011,0.136264204
10/8/2011,0.233426507
11/8/2011,0.151667984
12/8/2011,0.202618947
13/8/2011,0.133894392
14/8/2011,0.15285289
15/8/2011,0.209728384
16/8/2011,0.122045331
17/8/2011,0.169441576
18/8/2011,0.15285289
19/8/2011,0.118490612
20/8/2011,0.043841527
21/8/2011,0.034362278
22/8/2011,0.071094367
23/8/2011,0.050950963
24/8/2011,0.049766057
25/8/2011,0.040286808
26/8/2011,0.031992465
27/8/2011,0.018958498
28/8/2011,0.017773592
29/8/2011,0.022513216
30/8/2011,0.018958498
31/8/2011,0.033177371
1/9/2011,0.030807559
2/9/2011,0.020143404
3/9/2011,0.062800025
4/9/2011,0.027252841
5/9/2011,0.071094367
6/9/2011,0.054505682
7/9/2011,0.010664155
8/9/2011,0.005924531
9/9/2011,0.020143404
10/9/2011,0.003554718
11/9/2011,0.002369812
12/9/2011,0.011849061
13/9/2011,0.010664155
14/9/2011,0.010664155
15/9/2011,0.092422678
16/9/2011,0.077018898
17/9/2011,0.023698122
18/9/2011,0.018958498
19/9/2011,0.026067935
20/9/2011,0.020143404
21/9/2011,0.01540378
22/9/2011,0.016588686
23/9/2011,0.016588686
24/9/2011,0.004739624
25/9/2011,0.008294343
26/9/2011,0.013033967
27/9/2011,0.013033967
28/9/2011,0.001184906
29/9/2011,0.014218873
30/9/2011,0.017773592
1/10/2011,0.001184906
2/10/2011,0.001184906
3/10/2011,0.011849061
4/10/2011,0.008294343
5/10/2011,0.007109437
6/10/2011,0.007109437
7/10/2011,0.008294343
8/10/2011,0
9/10/2011,0
10/10/2011,0.02132831
11/10/2011,0.029622653
12/10/2011,0.011849061
13/10/2011,0.002369812
14/10/2011,0.027252841
15/10/2011,0
16/10/2011,0
17/10/2011,0.028437747
18/10/2011,0.017773592
19/10/2011,0.037916996
20/10/2011,0.022513216
21/10/2011,0.011849061
22/10/2011,0
23/10/2011,0
24/10/2011,0.071094367
25/10/2011,0.280822752
26/10/2011,0.027252841
27/10/2011,0.196694417
28/10/2011,0.124415143
29/10/2011,0.027252841
30/10/2011,0.013033967
31/10/2011,0.056875494
1/11/2011,0.013033967
2/11/2011,0.22631707
3/11/2011,3.359208863
4/11/2011,2.70277087
5/11/2011,1.603177987
6/11/2011,2.11268762
7/11/2011,4.118733689
8/11/2011,1.900589424
9/11/2011,1.093668353
10/11/2011,0.862611659
11/11/2011,0.856687128
12/11/2011,0.596007781
13/11/2011,0.319924654
14/11/2011,0.697909707
15/11/2011,0.549796442
16/11/2011,0.740566328
17/11/2011,0.558090785
18/11/2011,0.515434164
19/11/2011,0.245275568
20/11/2011,0.169441576
21/11/2011,0.649328556
22/11/2011,0.444339797
23/11/2011,0.231056694
24/11/2011,0.298596343
25/11/2011,0.298596343
26/11/2011,0.193139698
27/11/2011,0.059245306
28/11/2011,0.387464303
29/11/2011,0.197879323
30/11/2011,0.139818923
1/12/2011,0.16825667
2/12/2011,0.18958498
3/12/2011,0.046211339
4/12/2011,0.04265662
5/12/2011,0.16825667
6/12/2011,0.090052865
7/12/2011,0.233426507
8/12/2011,0.07346418
9/12/2011,0.2322416
10/12/2011,0.031992465
11/12/2011,0.024883029
12/12/2011,0.1741812
13/12/2011,0.084128335
14/12/2011,0.080573616
15/12/2011,0.071094367
16/12/2011,0.081758523
17/12/2011,0.02132831
18/12/2011,0.020143404
19/12/2011,0.163517045
20/12/2011,0.162332139
21/12/2011,0.219207633
22/12/2011,0.272528409
23/12/2011,0.169441576
24/12/2011,0.041471714
25/12/2011,0.027252841
26/12/2011,0.183660449
27/12/2011,0.193139698
28/12/2011,0.178920825
29/12/2011,0.254754817
30/12/2011,0.218022727
31/12/2011,0.047396245
1/1/2012,0.054505682
2/1/2012,0.24764538
3/1/2012,0.20498876
4/1/2012,0.216837821
5/1/2012,0.215652915
6/1/2012,0.322294466
7/1/2012,0.097162302
8/1/2012,0.026067935
9/1/2012,0.170626482
10/1/2012,0.169441576
11/1/2012,0.159962327
12/1/2012,0.183660449
13/1/2012,0.227501976
14/1/2012,0.01540378
15/1/2012,0.011849061
16/1/2012,0.161147233
17/1/2012,0.223947258
18/1/2012,0.113750988
19/1/2012,0.107826457
20/1/2012,0.148113266
21/1/2012,0.010664155
22/1/2012,0.005924531
23/1/2012,0.138634017
24/1/2012,0.138634017
25/1/2012,0.142188735
26/1/2012,0.145743453
27/1/2012,0.112566082
28/1/2012,0.010664155
29/1/2012,0.003554718
30/1/2012,0.13744911
31/1/2012,0.086498147
1/2/2012,0.086498147
2/2/2012,0.103086833
3/2/2012,0.008294343
4/2/2012,0.002369812
5/2/2012,0.005924531
6/2/2012,0.141003829
7/2/2012,0.082943429
8/2/2012,0.095977396
9/2/2012,0.149298172
10/2/2012,0.09479249
11/2/2012,0.003554718
12/2/2012,0.002369812
13/2/2012,0.097162302
14/2/2012,0.095977396
15/2/2012,0.13744911
16/2/2012,0.13152458
17/2/2012,0.091237772
18/2/2012,0.045026433
19/2/2012,0.047396245
20/2/2012,0.231056694
21/2/2012,0.22631707
22/2/2012,0.04265662
23/2/2012,0.241720849
24/2/2012,0.190769886
25/2/2012,0.063984931
26/2/2012,0.065169837
27/2/2012,0.186030262
28/2/2012,0.260679347
29/2/2012,0.272528409
1/3/2012,0.200249135
2/3/2012,0.209728384
3/3/2012,0.072279274
4/3/2012,0.059245306
5/3/2012,0.213283102
6/3/2012,0.267788784
7/3/2012,0.257124629
8/3/2012,0.150483078
9/3/2012,0.214468009
10/3/2012,0.055690588
11/3/2012,0.041471714
12/3/2012,0.16825667
13/3/2012,0.231056694
14/3/2012,0.086498147
15/3/2012,0.279637845
16/3/2012,0.353102025
17/3/2012,0.347177495
18/3/2012,0.240535943
19/3/2012,0.280822752
20/3/2012,0.277268033
21/3/2012,0.446709609
22/3/2012,0.613781373
23/3/2012,0.373245429
24/3/2012,0.258309535
25/3/2012,0.278452939
26/3/2012,0.545056817
27/3/2012,0.47988698
28/3/2012,0.668287054
29/3/2012,0.79507201
30/3/2012,0.892234312
31/3/2012,0.843653161
1/4/2012,1.001245675
2/4/2012,1.379230729
3/4/2012,1.142249504
4/4/2012,0.799811634
5/4/2012,0.85905694
6/4/2012,0.960958867
7/4/2012,0.732271985
8/4/2012,0.645773838
9/4/2012,0.594822875
10/4/2012,0.718053112
11/4/2012,0.635109683
12/4/2012,0.842468255
13/4/2012,0.60548703
14/4/2012,0.483441699
15/4/2012,0.291486907
16/4/2012,0.714498393
17/4/2012,0.489366229
18/4/2012,0.509509634
19/4/2012,0.536762474
20/4/2012,0.560460597
21/4/2012,0.304520874
22/4/2012,0.350732213
23/4/2012,0.750045577
24/4/2012,0.488181323
25/4/2012,0.406422801
26/4/2012,0.773743699
27/4/2012,1.44321566
28/4/2012,3.410159827
29/4/2012,6.133074101
30/4/2012,2.936197377
1/5/2012,2.295163163
2/5/2012,1.944430951
3/5/2012,1.753661064
4/5/2012,1.88044602
5/5/2012,1.790393154
6/5/2012,1.707449726
7/5/2012,1.830679963
8/5/2012,1.978793228
9/5/2012,2.84969923
10/5/2012,4.744364123
11/5/2012,6.483806314
12/5/2012,6.94354989
13/5/2012,6.983836699
14/5/2012,6.441149694
15/5/2012,5.079692556
16/5/2012,3.426748512
17/5/2012,3.186212569
18/5/2012,4.580847078
19/5/2012,4.513307429
20/5/2012,4.924469854
21/5/2012,3.21346541
22/5/2012,2.802302985
23/5/2012,2.625751972
24/5/2012,3.02388043
25/5/2012,3.393571141
26/5/2012,3.215835222
27/5/2012,3.522725909
28/5/2012,3.105638953
29/5/2012,3.200431443
30/5/2012,2.885246414
31/5/2012,2.773865238
1/6/2012,2.603238756
2/6/2012,3.049948365
3/6/2012,3.602114619
4/6/2012,3.124597451
5/6/2012,2.545178356
6/6/2012,2.17074802
7/6/2012,2.719359556
8/6/2012,2.692106715
9/6/2012,2.000121538
10/6/2012,1.769064844
11/6/2012,1.742996909
12/6/2012,1.533268525
13/6/2012,1.314060892
14/6/2012,1.071155137
15/6/2012,1.306951455
16/6/2012,0.913562622
17/6/2012,0.968068304
18/6/2012,1.285623145
19/6/2012,1.219268402
20/6/2012,2.107947996
21/6/2012,1.456249627
22/6/2012,1.181351406
23/6/2012,0.716868205
24/6/2012,0.805736165
25/6/2012,0.996506051
26/6/2012,0.838913536
27/6/2012,0.803366353
28/6/2012,0.582973813
29/6/2012,0.604302124
30/6/2012,0.35784165
1/7/2012,0.620890809
2/7/2012,0.824694663
3/7/2012,0.751230483
4/7/2012,0.484626605
5/7/2012,0.886309781
6/7/2012,0.667102148
7/7/2012,0.350732213
8/7/2012,0.316369935
9/7/2012,0.54742663
10/7/2012,0.407607707
11/7/2012,0.398128458
12/7/2012,0.30570578
13/7/2012,0.432490735
14/7/2012,0.169441576
15/7/2012,0.123230237
16/7/2012,0.207358572
17/7/2012,0.257124629
18/7/2012,0.265418972
19/7/2012,0.273713315
20/7/2012,0.195509511
21/7/2012,0.099532114
22/7/2012,0.068724555
23/7/2012,0.132709486
24/7/2012,0.142188735
25/7/2012,0.129154768
26/7/2012,0.132709486
27/7/2012,0.170626482
28/7/2012,0.271343503
29/7/2012,0.100717021
30/7/2012,0.238166131
31/7/2012,0.315185029
1/8/2012,0.177735919
2/8/2012,0.248830286
3/8/2012,0.20498876
4/8/2012,0.063984931
5/8/2012,0.052135869
6/8/2012,0.191954792
7/8/2012,0.13152458
8/8/2012,0.138634017
9/8/2012,0.142188735
10/8/2012,0.129154768
11/8/2012,0.069909461
12/8/2012,0.048581151
13/8/2012,0.105456645
14/8/2012,0.114935894
15/8/2012,0.059245306
16/8/2012,0.09479249
17/8/2012,0.043841527
18/8/2012,0.027252841
19/8/2012,0.033177371
20/8/2012,0.133894392
21/8/2012,0.0580604
22/8/2012,0.048581151
23/8/2012,0.039101902
24/8/2012,0.035547184
25/8/2012,0.039101902
26/8/2012,0.037916996
27/8/2012,0.03673209
28/8/2012,0.04265662
29/8/2012,0.039101902
30/8/2012,0.165886857
31/8/2012,0.082943429
1/9/2012,0.052135869
2/9/2012,0.054505682
3/9/2012,0.059245306
4/9/2012,0.118490612
5/9/2012,0.082943429
6/9/2012,0.112566082
7/9/2012,0.069909461
8/9/2012,0.039101902
9/9/2012,0.087683053
10/9/2012,0.206173666
11/9/2012,0.138634017
12/9/2012,0.07346418
13/9/2012,0.119675519
14/9/2012,0.061615118
15/9/2012,0.03673209
16/9/2012,0.027252841
17/9/2012,0.053320776
18/9/2012,0.077018898
19/9/2012,0.066354743
20/9/2012,0.055690588
21/9/2012,0.029622653
22/9/2012,0.034362278
23/9/2012,0.035547184
24/9/2012,0.114935894
25/9/2012,0.072279274
26/9/2012,0.133894392
27/9/2012,0.142188735
28/9/2012,0.151667984
29/9/2012,0.120860425
30/9/2012,0.172996294
1/10/2012,0.475147356
2/10/2012,0.132709486
3/10/2012,0.201434041
4/10/2012,0.178920825
5/10/2012,0.171811388
6/10/2012,0.045026433
7/10/2012,0.039101902
8/10/2012,0.231056694
9/10/2012,0.075833992
10/10/2012,0.037916996
11/10/2012,0.213283102
12/10/2012,0.099532114
13/10/2012,0.040286808
14/10/2012,0.046211339
15/10/2012,0.287932188
16/10/2012,0.18958498
17/10/2012,0.071094367
18/10/2012,0.188400074
19/10/2012,0.523728507
20/10/2012,1.287992957
21/10/2012,1.98116304
22/10/2012,1.302211831
23/10/2012,1.069970231
24/10/2012,0.904083373
25/10/2012,0.619705903
26/10/2012,1.241781619
27/10/2012,0.956219243
28/10/2012,0.793887104
29/10/2012,0.863796565
30/10/2012,0.83772863
31/10/2012,0.720422924
1/11/2012,0.319924654
2/11/2012,0.731087079
3/11/2012,0.509509634
4/11/2012,0.741751234
5/11/2012,1.729962942
6/11/2012,1.10670232
7/11/2012,0.85313241
8/11/2012,0.866166377
9/11/2012,0.924226777
10/11/2012,0.914747528
11/11/2012,0.440785078
12/11/2012,0.850762597
13/11/2012,0.543871911
14/11/2012,0.637479495
15/11/2012,0.617336091
16/11/2012,0.597192687
17/11/2012,0.366135993
18/11/2012,0.240535943
19/11/2012,0.610226654
20/11/2012,0.42182658
21/11/2012,0.401683176
22/11/2012,0.548611536
23/11/2012,0.482256793
24/11/2012,0.353102025
25/11/2012,0.158777421
26/11/2012,0.687245552
27/11/2012,0.824694663
28/11/2012,0.407607707
29/11/2012,0.470407731
30/11/2012,0.45263414
1/12/2012,0.279637845
2/12/2012,0.22631707
3/12/2012,0.389834115
4/12/2012,0.374430335
5/12/2012,0.511879446
6/12/2012,0.172996294
7/12/2012,0.624445528
8/12/2012,0.203803853
9/12/2012,0.252385005
10/12/2012,0.528468132
11/12/2012,0.447894515
12/12/2012,0.296226531
13/12/2012,0.496475666
14/12/2012,0.51069454
15/12/2012,0.382724678
16/12/2012,0.162332139
17/12/2012,0.43723036
18/12/2012,0.457373764
19/12/2012,0.32703409
20/12/2012,0.612596466
21/12/2012,0.507139821
22/12/2012,0.274898221
23/12/2012,0.143373641
24/12/2012,0.72160783
25/12/2012,0.225132164
26/12/2012,0.527283225
27/12/2012,0.645773838
28/12/2012,0.254754817
29/12/2012,0.16825667
30/12/2012,0.117305706
31/12/2012,0.688430458
1/1/2013,0.129154768
2/1/2013,0.478702074
3/1/2013,0.464483201
4/1/2013,0.298596343
5/1/2013,0.184845355
6/1/2013,0.080573616
7/1/2013,0.387464303
8/1/2013,0.395758646
9/1/2013,0.227501976
10/1/2013,0.524913413
11/1/2013,0.295041625
12/1/2013,0.077018898
13/1/2013,0.09479249
14/1/2013,0.386279397
15/1/2013,0.310445405
16/1/2013,0.277268033
17/1/2013,0.482256793
18/1/2013,0.289117094
19/1/2013,0.657622899
20/1/2013,0.565200221
21/1/2013,0.513064352
22/1/2013,0.460928482
23/1/2013,0.328218997
24/1/2013,0.497660572
25/1/2013,0.349547307
26/1/2013,0.149298172
27/1/2013,0.133894392
28/1/2013,0.436045454
29/1/2013,0.426566205
30/1/2013,0.303335968
31/1/2013,0.482256793
1/2/2013,0.387464303
2/2/2013,0.34243787
3/2/2013,0.329403903
4/2/2013,0.620890809
5/2/2013,0.517803976
6/2/2013,0.324664278
7/2/2013,0.641034213
8/2/2013,0.426566205
9/2/2013,0.202618947
10/2/2013,0.212098196
11/2/2013,0.534392662
12/2/2013,0.481071887
13/2/2013,0.347177495
14/2/2013,0.533207756
15/2/2013,0.465668107
16/2/2013,0.221577445
17/2/2013,0.223947258
18/2/2013,0.565200221
19/2/2013,0.426566205
20/2/2013,0.328218997
21/2/2013,0.710943675
22/2/2013,0.492920948
23/2/2013,0.264234066
24/2/2013,0.213283102
25/2/2013,0.521358695
26/2/2013,0.500030385
27/2/2013,0.32703409
28/2/2013,0.319924654
1/3/2013,0.39457374
2/3/2013,0.304520874
3/3/2013,0.282007658
4/3/2013,0.34243787
5/3/2013,0.302151062
6/3/2013,0.596007781
7/3/2013,1.001245675
8/3/2013,2.038038534
9/3/2013,1.689676134
10/3/2013,1.42188735
11/3/2013,1.189645749
12/3/2013,0.998875863
13/3/2013,0.96925321
14/3/2013,0.829434287
15/3/2013,0.777298418
16/3/2013,0.555720972
17/3/2013,0.408792613
18/3/2013,0.674211585
19/3/2013,0.622075715
20/3/2013,0.554536066
21/3/2013,0.431305829
22/3/2013,0.489366229
23/3/2013,0.556905879
24/3/2013,0.464483201
25/3/2013,0.66947196
26/3/2013,0.744121046
27/3/2013,0.912377716
28/3/2013,1.319985423
29/3/2013,1.504830778
30/3/2013,1.972868698
31/3/2013,1.482317562
1/4/2013,1.61739686
2/4/2013,1.393449603
3/4/2013,0.938445651
4/4/2013,1.065230606
5/4/2013,1.328279766
6/4/2013,1.041532484
7/4/2013,0.593637968
8/4/2013,1.126845725
9/4/2013,0.805736165
10/4/2013,0.677766303
11/4/2013,1.229932557
12/4/2013,1.827125244
13/4/2013,1.69086104
14/4/2013,2.198000861
15/4/2013,2.882876601
16/4/2013,3.450446635
17/4/2013,3.888861901
18/4/2013,4.892477389
19/4/2013,4.839156613
20/4/2013,3.166069165
21/4/2013,2.592574601
22/4/2013,2.295163163
23/4/2013,1.926657359
24/4/2013,2.068846094
25/4/2013,2.50726136
26/4/2013,2.908944536
27/4/2013,2.889986038
28/4/2013,2.552287792
29/4/2013,2.314121661
30/4/2013,3.846205281
1/5/2013,3.638846709
2/5/2013,3.522725909
3/5/2013,2.993072871
4/5/2013,2.692106715
5/5/2013,2.740687866
6/5/2013,3.529835345
7/5/2013,3.706386358
8/5/2013,4.984900066
9/5/2013,5.618824843
10/5/2013,5.239654883
11/5/2013,5.360515308
12/5/2013,4.726590531
13/5/2013,4.56188858
14/5/2013,4.660235788
15/5/2013,5.38421343
16/5/2013,4.790575462
17/5/2013,3.76089204
18/5/2013,3.456371166
19/5/2013,3.089050267
20/5/2013,3.219389941
21/5/2013,2.962265312
22/5/2013,3.483624006
23/5/2013,3.528650439
24/5/2013,3.186212569
25/5/2013,2.750167115
26/5/2013,2.462234927
27/5/2013,2.83429545
28/5/2013,2.703955776
29/5/2013,2.17074802
30/5/2013,2.341374502
31/5/2013,2.590204788
1/6/2013,2.284499008
2/6/2013,2.419578307
3/6/2013,2.29634807
4/6/2013,2.993072871
5/6/2013,3.161329541
6/6/2013,3.97180533
7/6/2013,4.220635616
8/6/2013,4.480130057
9/6/2013,4.074892163
10/6/2013,4.188643151
11/6/2013,4.191012963
12/6/2013,4.734884874
13/6/2013,6.205353375
14/6/2013,8.293157966
15/6/2013,8.429422171
16/6/2013,8.742237388
17/6/2013,8.206659819
18/6/2013,9.606033953
19/6/2013,7.618946381
20/6/2013,5.21003223
21/6/2013,4.369933788
22/6/2013,3.573676872
23/6/2013,3.740748636
24/6/2013,3.692167484
25/6/2013,3.281005059
26/6/2013,3.00255212
27/6/2013,2.952786063
28/6/2013,2.783344487
29/6/2013,2.461050021
30/6/2013,2.866287916
1/7/2013,3.253752218
2/7/2013,2.998997401
3/7/2013,2.839035075
4/7/2013,2.68144256
5/7/2013,2.534514201
6/7/2013,2.25961598
7/7/2013,2.400619809
8/7/2013,2.698031246
9/7/2013,2.642340658
10/7/2013,2.356778282
11/7/2013,2.540438731
12/7/2013,2.474083988
13/7/2013,2.748982209
14/7/2013,3.249012594
15/7/2013,2.380476404
16/7/2013,2.488302862
17/7/2013,3.181472945
18/7/2013,2.82837092
19/7/2013,2.645895376
20/7/2013,2.381661311
21/7/2013,2.662484062
22/7/2013,2.69684634
23/7/2013,2.320046192
24/7/2013,2.085434779
25/7/2013,2.035668722
26/7/2013,1.848453554
27/7/2013,1.533268525
28/7/2013,1.701525195
29/7/2013,1.577110052
30/7/2013,1.382785447
31/7/2013,1.247706149
1/8/2013,1.072340043
2/8/2013,1.054566451
3/8/2013,0.782038042
4/8/2013,1.010724924
5/8/2013,0.957404149
6/8/2013,0.891049406
7/8/2013,0.921856965
8/8/2013,1.53800815
9/8/2013,0.976362647
10/8/2013,0.682505928
11/8/2013,0.620890809
12/8/2013,0.855502222
13/8/2013,0.989396614
14/8/2013,0.869721095
15/8/2013,0.618520997
16/8/2013,0.887494687
17/8/2013,0.719238018
18/8/2013,0.638664401
19/8/2013,0.60548703
20/8/2013,0.535577568
21/8/2013,0.472777544
22/8/2013,0.518988883
23/8/2013,0.588898344
24/8/2013,0.728717267
25/8/2013,0.635109683
26/8/2013,0.61141156
27/8/2013,0.582973813
28/8/2013,0.492920948
29/8/2013,0.518988883
30/8/2013,0.607856842
31/8/2013,0.639849307
1/9/2013,0.388649209
2/9/2013,0.331773715
3/9/2013,0.303335968
4/9/2013,0.272528409
5/9/2013,0.260679347
6/9/2013,0.253569911
7/9/2013,0.607856842
8/9/2013,0.670656867
9/9/2013,0.486996417
10/9/2013,0.457373764
11/9/2013,0.460928482
12/9/2013,0.396943552
13/9/2013,0.391019021
14/9/2013,0.364951086
15/9/2013,0.423011486
16/9/2013,0.364951086
17/9/2013,0.328218997
18/9/2013,0.302151062
19/9/2013,0.308075592
20/9/2013,0.316369935
21/9/2013,0.206173666
22/9/2013,0.208543478
23/9/2013,0.236981225
24/9/2013,0.260679347
25/9/2013,0.258309535
26/9/2013,0.261864254
27/9/2013,0.261864254
28/9/2013,0.155222702
29/9/2013,0.180105731
30/9/2013,0.234611413
1/10/2013,0.276083127
2/10/2013,0.208543478
3/10/2013,0.240535943
4/10/2013,0.599562499
5/10/2013,0.475147356
6/10/2013,0.245275568
7/10/2013,0.30570578
8/10/2013,0.295041625
9/10/2013,0.215652915
10/10/2013,0.282007658
11/10/2013,0.209728384
12/10/2013,0.180105731
13/10/2013,0.171811388
14/10/2013,0.272528409
15/10/2013,0.223947258
16/10/2013,0.225132164
17/10/2013,0.088867959
18/10/2013,0.447894515
19/10/2013,0.258309535
20/10/2013,0.144558547
21/10/2013,0.308075592
22/10/2013,0.190769886
23/10/2013,0.087683053
24/10/2013,0.222762351
25/10/2013,0.289117094
26/10/2013,0.075833992
27/10/2013,0.066354743
28/10/2013,0.13744911
29/10/2013,0.207358572
30/10/2013,0.208543478
31/10/2013,0.203803853
1/11/2013,0.163517045
2/11/2013,0.061615118
3/11/2013,0.0580604
4/11/2013,0.229871788
5/11/2013,1.162392908
6/11/2013,2.000121538
7/11/2013,1.136324974
8/11/2013,0.80099654
9/11/2013,0.47396245
10/11/2013,0.41590205
11/11/2013,1.090113635
12/11/2013,1.132770255
13/11/2013,2.238287669
14/11/2013,1.645834607
15/11/2013,1.019019267
16/11/2013,0.571124752
17/11/2013,1.062860794
18/11/2013,1.139879692
19/11/2013,0.971623022
20/11/2013,0.983472083
21/11/2013,0.688430458
22/11/2013,0.753600295
23/11/2013,0.523728507
24/11/2013,0.417086956
25/11/2013,0.715683299
26/11/2013,0.468037919
27/11/2013,0.606671936
28/11/2013,0.451449233
29/11/2013,0.411162425
30/11/2013,0.221577445
1/12/2013,0.208543478
2/12/2013,0.508324727
3/12/2013,0.450264327
4/12/2013,0.252385005
5/12/2013,0.311630311
6/12/2013,0.350732213
7/12/2013,0.36376618
8/12/2013,0.364951086
9/12/2013,0.360211462
10/12/2013,0.35784165
11/12/2013,0.360211462
12/12/2013,0.514249258
13/12/2013,0.620890809
14/12/2013,0.26304916
15/12/2013,0.190769886
16/12/2013,0.420641674
17/12/2013,0.522543601
18/12/2013,0.561645503
19/12/2013,0.555720972
20/12/2013,0.490551136
21/12/2013,0.139818923
22/12/2013,0.136264204
23/12/2013,0.489366229
24/12/2013,0.673026679
25/12/2013,0.89578903
26/12/2013,0.755970108
27/12/2013,0.715683299
28/12/2013,0.406422801
29/12/2013,0.240535943
30/12/2013,0.573494564
31/12/2013,0.695539895
1/1/2014,0.201434041
2/1/2014,0.554536066
3/1/2014,0.577049283
4/1/2014,0.612596466
5/1/2014,0.509509634
6/1/2014,0.825879569
7/1/2014,0.825879569
8/1/2014,0.851947504
9/1/2014,0.81640032
10/1/2014,0.761894638
11/1/2014,0.459743576
12/1/2014,0.345992588
13/1/2014,0.81640032
14/1/2014,0.695539895
15/1/2014,0.719238018
16/1/2014,0.707388956
17/1/2014,0.631554964
18/1/2014,0.264234066
19/1/2014,0.264234066
20/1/2014,0.600747405
21/1/2014,0.578234189
22/1/2014,0.372060523
23/1/2014,0.412347331
24/1/2014,0.565200221
25/1/2014,1.679011979
26/1/2014,1.154098565
27/1/2014,1.189645749
28/1/2014,0.952664524
29/1/2014,0.847207879
30/1/2014,0.74293614
31/1/2014,0.619705903
1/2/2014,0.372060523
2/2/2014,0.300966156
3/2/2014,0.649328556
4/2/2014,0.632739871
5/2/2014,0.598377593
6/2/2014,0.475147356
7/2/2014,0.652883275
8/2/2014,0.475147356
9/2/2014,0.324664278
10/2/2014,0.59008325
11/2/2014,0.676581397
12/2/2014,0.539132287
13/2/2014,0.518988883
14/2/2014,0.514249258
15/2/2014,0.355471837
16/2/2014,0.505954915
17/2/2014,0.677766303
18/2/2014,0.716868205
19/2/2014,0.668287054
20/2/2014,0.682505928
21/2/2014,0.718053112
22/2/2014,0.302151062
23/2/2014,0.280822752
24/2/2014,0.638664401
25/2/2014,0.693170083
26/2/2014,0.554536066
27/2/2014,0.522543601
28/2/2014,0.517803976
1/3/2014,0.428936017
2/3/2014,0.26304916
3/3/2014,0.644588932
4/3/2014,0.500030385
5/3/2014,0.572309658
6/3/2014,0.594822875
7/3/2014,0.54742663
8/3/2014,0.34243787
9/3/2014,0.362581274
10/3/2014,0.572309658
11/3/2014,0.635109683
12/3/2014,0.866166377
13/3/2014,0.792702197
14/3/2014,0.946739994
15/3/2014,0.57467947
16/3/2014,0.526098319
17/3/2014,1.378045823
18/3/2014,1.248891055
19/3/2014,1.38515526
20/3/2014,1.397004321
21/3/2014,1.376860917
22/3/2014,1.399374133
23/3/2014,1.270219366
24/3/2014,1.088928729
25/3/2014,1.007170206
26/3/2014,1.227562745
27/3/2014,0.971623022
28/3/2014,0.881570157
29/3/2014,0.637479495
30/3/2014,0.462113389
31/3/2014,0.975177741
1/4/2014,0.856687128
2/4/2014,1.200309904
3/4/2014,2.429057556
4/4/2014,2.258431074
5/4/2014,1.439660941
6/4/2014,1.439660941
7/4/2014,2.316491474
8/4/2014,2.599684037
9/4/2014,3.093789891
10/4/2014,3.189767288
11/4/2014,3.481254194
12/4/2014,3.393571141
13/4/2014,3.610408962
14/4/2014,3.753782603
15/4/2014,4.060673289
16/4/2014,4.025126105
17/4/2014,3.762076946
18/4/2014,3.529835345
19/4/2014,3.333140929
20/4/2014,3.73008448
21/4/2014,3.353284333
22/4/2014,3.064167238
23/4/2014,2.89235585
24/4/2014,3.412529639
25/4/2014,3.644771239
26/4/2014,2.854438854
27/4/2014,2.629306691
28/4/2014,2.407729245
29/4/2014,2.273834853
30/4/2014,2.423133025
1/5/2014,2.547548168
2/5/2014,2.75490674
3/5/2014,2.393510372
4/5/2014,2.212219735
5/5/2014,2.336634878
6/5/2014,2.785714299
7/5/2014,3.70875617
8/5/2014,4.531081021
9/5/2014,5.061918964
10/5/2014,5.008598189
11/5/2014,5.183964295
12/5/2014,4.922100042
13/5/2014,4.169684653
14/5/2014,3.542869313
15/5/2014,3.283374871
16/5/2014,3.052318177
17/5/2014,2.77623505
18/5/2014,2.637601033
19/5/2014,2.824816201
20/5/2014,3.092604985
21/5/2014,4.567813111
22/5/2014,4.648386727
23/5/2014,3.558273092
24/5/2014,2.647080282
25/5/2014,2.2442122
26/5/2014,2.466974552
27/5/2014,2.119797057
28/5/2014,1.924287546
29/5/2014,2.111502714
30/5/2014,2.001306445
31/5/2014,2.093729122
1/6/2014,1.752476158
2/6/2014,2.261985792
3/6/2014,2.25961598
4/6/2014,2.673148217
5/6/2014,2.784529393
6/6/2014,3.112748389
7/6/2014,3.586710839
8/6/2014,3.939812864
9/6/2014,3.808288285
10/6/2014,3.437412668
11/6/2014,3.380537174
12/6/2014,3.00847665
13/6/2014,2.869842634
14/6/2014,2.584280258
15/6/2014,2.818891671
16/6/2014,2.367442437
17/6/2014,1.956280012
18/6/2014,1.932581889
19/6/2014,1.857932803
20/6/2014,1.955095106
21/6/2014,1.732332754
22/6/2014,1.773804469
23/6/2014,1.913623391
24/6/2014,1.918363016
25/6/2014,2.68144256
26/6/2014,2.62338216
27/6/2014,2.495412299
28/6/2014,2.043963065
29/6/2014,2.142310273
30/6/2014,1.605547799
1/7/2014,1.639910077
2/7/2014,1.586589301
3/7/2014,1.593698738
4/7/2014,1.504830778
5/7/2014,1.196755186
6/7/2014,1.192015561
7/7/2014,2.17074802
8/7/2014,1.9539102
9/7/2014,1.561706272
10/7/2014,1.428996786
11/7/2014,1.39107979
12/7/2014,1.083004198
13/7/2014,0.939630557
14/7/2014,1.234672182
15/7/2014,0.98465699
16/7/2014,1.001245675
17/7/2014,0.949109806
18/7/2014,0.85313241
19/7/2014,0.696724801
20/7/2014,0.728717267
21/7/2014,0.966883398
22/7/2014,0.825879569
23/7/2014,0.548611536
24/7/2014,0.656437993
25/7/2014,0.879200344
26/7/2014,0.586528532
27/7/2014,0.523728507
28/7/2014,0.963328679
29/7/2014,1.017834361
30/7/2014,0.729902173
31/7/2014,0.580604001
1/8/2014,0.694354989
2/8/2014,0.96925321
3/8/2014,0.921856965
4/8/2014,0.886309781
5/8/2014,0.628000246
6/8/2014,0.631554964
7/8/2014,0.695539895
8/8/2014,0.723977642
9/8/2014,0.309260499
10/8/2014,0.485811511
11/8/2014,0.53202285
12/8/2014,0.308075592
13/8/2014,1.289177864
14/8/2014,0.66947196
15/8/2014,0.609041748
16/8/2014,0.439600172
17/8/2014,0.530837944
18/8/2014,0.612596466
19/8/2014,0.695539895
20/8/2014,1.07944948
21/8/2014,0.976362647
22/8/2014,1.107887227
23/8/2014,1.033238141
24/8/2014,0.987026802
25/8/2014,0.956219243
26/8/2014,0.834173912
27/8/2014,0.64221912
28/8/2014,0.716868205
29/8/2014,0.886309781
30/8/2014,0.844838067
31/8/2014,0.766634263
1/9/2014,0.716868205
2/9/2014,0.49529076
3/9/2014,0.459743576
4/9/2014,0.690800271
5/9/2014,0.761894638
6/9/2014,0.596007781
7/9/2014,0.702649332
8/9/2014,1.1801665
9/9/2014,0.620890809
10/9/2014,0.718053112
11/9/2014,0.518988883
12/9/2014,0.73701161
13/9/2014,0.369690711
14/9/2014,0.593637968
15/9/2014,1.090113635
16/9/2014,0.517803976
17/9/2014,0.793887104
18/9/2014,0.555720972
19/9/2014,0.728717267
20/9/2014,0.22631707
21/9/2014,0.412347331
22/9/2014,0.630370058
23/9/2014,0.426566205
24/9/2014,0.498845478
25/9/2014,0.636294589
26/9/2014,0.39457374
27/9/2014,0.233426507
28/9/2014,0.343622776
29/9/2014,1.004800394
30/9/2014,0.599562499
1/10/2014,0.457373764
2/10/2014,0.500030385
3/10/2014,0.631554964
4/10/2014,0.323479372
5/10/2014,0.258309535
6/10/2014,0.535577568
7/10/2014,0.490551136
8/10/2014,0.565200221
9/10/2014,0.418271862
10/10/2014,0.687245552
11/10/2014,0.191954792
12/10/2014,1.387525072
13/10/2014,2.384031123
14/10/2014,1.353162794
15/10/2014,0.99058152
16/10/2014,1.189645749
17/10/2014,1.047457014
18/10/2014,0.582973813
19/10/2014,0.545056817
20/10/2014,0.79507201
21/10/2014,0.798626728
22/10/2014,0.393388833
23/10/2014,0.600747405
24/10/2014,0.546241723
25/10/2014,0.440785078
26/10/2014,0.212098196
27/10/2014,0.548611536
28/10/2014,0.561645503
29/10/2014,0.396943552
30/10/2014,0.599562499
31/10/2014,0.324664278
1/11/2014,0.180105731
2/11/2014,0.171811388
3/11/2014,0.567570034
4/11/2014,1.016649455
5/11/2014,0.772558793
6/11/2014,0.635109683
7/11/2014,0.49529076
8/11/2014,0.246460474
9/11/2014,0.214468009
10/11/2014,0.556905879
11/11/2014,0.469222825
12/11/2014,0.450264327
13/11/2014,0.440785078
14/11/2014,0.633924777
15/11/2014,0.821139944
16/11/2014,0.518988883
17/11/2014,0.923041871
18/11/2014,0.617336091
19/11/2014,0.70027952
20/11/2014,0.654068181
21/11/2014,0.545056817
22/11/2014,0.283192564
23/11/2014,0.254754817
24/11/2014,0.575864377
25/11/2014,0.64814365
26/11/2014,0.726347454
27/11/2014,0.703834238
28/11/2014,1.31169108
29/11/2014,1.766695032
30/11/2014,3.430303231
1/12/2014,5.475451202
2/12/2014,3.003737026
3/12/2014,2.142310273
4/12/2014,1.737072379
5/12/2014,1.583034583
6/12/2014,0.85313241
7/12/2014,0.995321145
8/12/2014,1.083004198
9/12/2014,1.109072133
10/12/2014,0.979917365
11/12/2014,1.126845725
12/12/2014,1.194385374
13/12/2014,0.491736042
14/12/2014,0.443154891
15/12/2014,0.959773961
16/12/2014,0.894604124
17/12/2014,0.867351283
18/12/2014,1.066415512
19/12/2014,1.380415635
20/12/2014,0.612596466
21/12/2014,0.520173789
22/12/2014,1.305766549
23/12/2014,0.829434287
24/12/2014,0.98465699
25/12/2014,0.391019021
26/12/2014,1.000060769
27/12/2014,0.395758646
28/12/2014,0.360211462
29/12/2014,0.89578903
30/12/2014,0.747675765
31/12/2014,0.70027952
1/1/2015,0.272528409
2/1/2015,0.832989006
3/1/2015,0.272528409
4/1/2015,0.270158596
5/1/2015,0.854317316
6/1/2015,0.646958744
7/1/2015,0.567570034
8/1/2015,0.502400197
9/1/2015,0.562830409
10/1/2015,0.227501976
11/1/2015,0.22631707
12/1/2015,0.630370058
13/1/2015,0.483441699
14/1/2015,0.470407731
15/1/2015,0.494105854
16/1/2015,0.722792736
17/1/2015,0.218022727
18/1/2015,0.199064229
19/1/2015,0.665917242
20/1/2015,0.475147356
21/1/2015,0.250015192
22/1/2015,0.335328433
23/1/2015,0.628000246
24/1/2015,0.182475543
25/1/2015,0.180105731
26/1/2015,0.49529076
27/1/2015,0.552166254
28/1/2015,0.172996294
29/1/2015,0.353102025
30/1/2015,0.628000246
31/1/2015,0.264234066
1/2/2015,0.197879323
2/2/2015,0.440785078
3/2/2015,0.441969984
4/2/2015,0.428936017
5/2/2015,0.392203927
6/2/2015,0.432490735
7/2/2015,0.177735919
8/2/2015,0.175366106
9/2/2015,0.278452939
10/2/2015,0.417086956
11/2/2015,0.420641674
12/2/2015,0.419456768
13/2/2015,0.424196393
14/2/2015,0.170626482
15/2/2015,0.163517045
16/2/2015,0.373245429
17/2/2015,0.369690711
18/2/2015,0.376800148
19/2/2015,0.343622776
20/2/2015,0.366135993
21/2/2015,0.172996294
22/2/2015,0.165886857
23/2/2015,0.468037919
24/2/2015,0.481071887
25/2/2015,0.520173789
26/2/2015,0.926596589
27/2/2015,0.950294712
28/2/2015,0.453819046
1/3/2015,0.508324727
2/3/2015,1.160023096
3/3/2015,1.355532607
4/3/2015,1.528528901
5/3/2015,1.306951455
6/3/2015,1.021389079
7/3/2015,0.910007904
8/3/2015,0.882755063
9/3/2015,0.759524826
10/3/2015,0.73701161
11/3/2015,0.951479618
12/3/2015,1.29036277
13/3/2015,1.39107979
14/3/2015,0.886309781
15/3/2015,0.760709732
16/3/2015,1.046272108
17/3/2015,0.931336214
18/3/2015,0.773743699
19/3/2015,0.741751234
20/3/2015,0.951479618
21/3/2015,0.59008325
22/3/2015,0.644588932
23/3/2015,1.126845725
24/3/2015,0.949109806
25/3/2015,0.814030508
26/3/2015,0.875645626
27/3/2015,0.814030508
28/3/2015,0.687245552
29/3/2015,1.293917488
30/3/2015,1.855562991
31/3/2015,2.682627466
1/4/2015,2.398249996
2/4/2015,2.093729122
3/4/2015,1.995381914
4/4/2015,1.641094983
5/4/2015,1.468098688
6/4/2015,1.616211954
7/4/2015,1.604362893
8/4/2015,1.616211954
9/4/2015,1.63280064
10/4/2015,1.624506297
11/4/2015,1.514310027
12/4/2015,1.481132656
13/4/2015,1.776174281
14/4/2015,2.093729122
15/4/2015,2.378106592
16/4/2015,2.715804838
17/4/2015,2.70277087
18/4/2015,2.1861518
19/4/2015,2.842589793
20/4/2015,2.674333123
21/4/2015,2.432612274
22/4/2015,2.476453801
23/4/2015,2.362702813
24/4/2015,2.457495303
25/4/2015,2.679072748
26/4/2015,3.618703305
27/4/2015,3.676763705
28/4/2015,3.047578553
29/4/2015,2.521480233
30/4/2015,2.292793351
1/5/2015,2.484748143
2/5/2015,2.840219981
3/5/2015,4.332016792
4/5/2015,6.751595098
5/5/2015,7.653308659
6/5/2015,5.07258312
7/5/2015,4.160205404
8/5/2015,4.24077902
9/5/2015,3.51917119
10/5/2015,3.272710716
11/5/2015,3.431488137
12/5/2015,3.481254194
13/5/2015,3.552348562
14/5/2015,3.799993942
15/5/2015,3.65069577
16/5/2015,2.656559531
17/5/2015,2.208665016
18/5/2015,2.437351898
19/5/2015,2.786899205
20/5/2015,2.559397229
21/5/2015,2.136385743
22/5/2015,1.921917734
23/5/2015,1.521419464
24/5/2015,1.374491105
25/5/2015,1.457434533
26/5/2015,1.556966648
27/5/2015,1.342498639
28/5/2015,1.494166623
29/5/2015,2.028559285
30/5/2015,3.217020128
31/5/2015,2.406544339
1/6/2015,2.168378208
2/6/2015,2.077140437
3/6/2015,2.260800886
4/6/2015,2.273834853
5/6/2015,2.099653653
6/6/2015,2.015525318
7/6/2015,1.98116304
8/6/2015,2.042778159
9/6/2015,4.499088555
10/6/2015,4.901956638
11/6/2015,4.259737518
12/6/2015,4.746733935
13/6/2015,3.62936746
14/6/2015,3.792884505
15/6/2015,3.282189965
16/6/2015,3.410159827
17/6/2015,4.514492335
18/6/2015,3.438597574
19/6/2015,3.001367214
20/6/2015,2.341374502
21/6/2015,2.160083865
22/6/2015,2.331895253
23/6/2015,2.541623637
24/6/2015,2.090174404
25/6/2015,2.016710224
26/6/2015,1.820015807
27/6/2015,1.474023219
28/6/2015,1.398189227
29/6/2015,1.442030754
30/6/2015,1.39107979
1/7/2015,1.252445774
2/7/2015,1.270219366
3/7/2015,1.214528778
4/7/2015,0.70027952
5/7/2015,0.740566328
6/7/2015,0.924226777
7/7/2015,0.893419218
8/7/2015,0.850762597
9/7/2015,0.843653161
10/7/2015,0.77966823
11/7/2015,0.387464303
12/7/2015,0.330588809
13/7/2015,0.617336091
14/7/2015,0.603117217
15/7/2015,0.552166254
16/7/2015,0.45855867
17/7/2015,0.609041748
18/7/2015,0.449079421
19/7/2015,0.298596343
20/7/2015,0.528468132
21/7/2015,0.996506051
22/7/2015,1.028498516
23/7/2015,0.55335116
24/7/2015,0.500030385
25/7/2015,0.293856719
26/7/2015,0.340068058
27/7/2015,0.609041748
28/7/2015,0.387464303
29/7/2015,0.351917119
30/7/2015,1.370936386
31/7/2015,1.636355358
1/8/2015,1.620951579
2/8/2015,0.931336214
3/8/2015,0.752415389
4/8/2015,1.04864192
5/8/2015,0.740566328
6/8/2015,0.518988883
7/8/2015,0.639849307
8/8/2015,0.808105977
9/8/2015,0.824694663
10/8/2015,0.76426445
11/8/2015,0.745305952
12/8/2015,0.699094614
13/8/2015,0.572309658
14/8/2015,0.54742663
15/8/2015,0.582973813
16/8/2015,0.778483324
17/8/2015,0.731087079
18/8/2015,0.780853136
19/8/2015,0.864981471
20/8/2015,0.677766303
21/8/2015,0.593637968
22/8/2015,0.580604001
23/8/2015,0.618520997
24/8/2015,0.528468132
25/8/2015,0.481071887
26/8/2015,0.43723036
27/8/2015,0.399313364
28/8/2015,0.36376618
29/8/2015,0.332958621
30/8/2015,0.308075592
31/8/2015,0.297411437
1/9/2015,0.389834115
2/9/2015,0.368505805
3/9/2015,0.726347454
4/9/2015,0.8898645
5/9/2015,0.823509757
6/9/2015,0.62681534
7/9/2015,0.56875494
8/9/2015,0.520173789
9/9/2015,0.47396245
10/9/2015,0.594822875
11/9/2015,0.542687005
12/9/2015,0.520173789
13/9/2015,0.554536066
14/9/2015,0.470407731
15/9/2015,0.43723036
16/9/2015,0.428936017
17/9/2015,0.49529076
18/9/2015,0.433675642
19/9/2015,0.398128458
20/9/2015,0.362581274
21/9/2015,0.338883152
22/9/2015,0.312815217
23/9/2015,0.295041625
24/9/2015,0.285562376
25/9/2015,0.255939723
26/9/2015,0.245275568
27/9/2015,0.251200098
28/9/2015,0.248830286
29/9/2015,0.291486907
30/9/2015,0.325849184
1/10/2015,0.271343503
2/10/2015,0.318739748
3/10/2015,0.30570578
4/10/2015,0.259494441
5/10/2015,0.317554841
6/10/2015,0.26304916
7/10/2015,0.324664278
8/10/2015,0.252385005
9/10/2015,0.238166131
10/10/2015,0.22631707
11/10/2015,0.227501976
12/10/2015,0.240535943
13/10/2015,0.676581397
14/10/2015,0.427751111
15/10/2015,0.32703409
16/10/2015,0.292671813
17/10/2015,0.279637845
18/10/2015,0.283192564
19/10/2015,0.26304916
20/10/2015,0.239351037
21/10/2015,0.229871788
22/10/2015,0.227501976
23/10/2015,0.22631707
24/10/2015,0.214468009
25/10/2015,0.208543478
26/10/2015,0.213283102
27/10/2015,0.32703409
28/10/2015,0.518988883
29/10/2015,0.331773715
30/10/2015,0.273713315
31/10/2015,0.238166131
1/11/2015,0.228686882
2/11/2015,0.973992834
3/11/2015,5.87357966
4/11/2015,1.74892144
5/11/2015,1.248891055
6/11/2015,1.059306075
7/11/2015,0.908822998
8/11/2015,0.838913536
9/11/2015,0.780853136
10/11/2015,0.720422924
11/11/2015,0.678951209
12/11/2015,0.64221912
13/11/2015,0.55335116
14/11/2015,0.376800148
15/11/2015,0.425381299
16/11/2015,0.468037919
17/11/2015,0.324664278
18/11/2015,0.300966156
19/11/2015,0.466853013
20/11/2015,0.526098319
21/11/2015,0.613781373
22/11/2015,0.466853013
23/11/2015,0.377985054
24/11/2015,0.337698246
25/11/2015,0.488181323
26/11/2015,0.760709732
27/11/2015,0.556905879
28/11/2015,0.361396368
29/11/2015,0.266603878
30/11/2015,0.343622776
1/12/2015,0.443154891
2/12/2015,0.475147356
3/12/2015,0.274898221
4/12/2015,0.586528532
5/12/2015,0.264234066
6/12/2015,0.238166131
7/12/2015,0.494105854
8/12/2015,0.229871788
9/12/2015,0.478702074
10/12/2015,0.434860548
11/12/2015,0.432490735
12/12/2015,0.203803853
13/12/2015,0.197879323
14/12/2015,0.426566205
15/12/2015,0.431305829
16/12/2015,0.414717144
17/12/2015,0.364951086
18/12/2015,0.413532238
19/12/2015,0.206173666
20/12/2015,0.361396368
21/12/2015,0.51661907
22/12/2015,0.45855867
23/12/2015,0.45855867
24/12/2015,0.60548703
25/12/2015,0.258309535
26/12/2015,0.297411437
27/12/2015,0.184845355
28/12/2015,0.459743576
29/12/2015,0.449079421
30/12/2015,0.439600172
31/12/2015,0.569939846
1/1/2016,0.196694417
2/1/2016,0.291486907
3/1/2016,0.169441576
4/1/2016,0.54742663
5/1/2016,0.41590205
6/1/2016,0.406422801
7/1/2016,0.424196393
8/1/2016,0.471592638
9/1/2016,0.218022727
10/1/2016,0.240535943
11/1/2016,1.126845725
12/1/2016,0.659992711
13/1/2016,0.521358695
14/1/2016,0.502400197
15/1/2016,0.482256793
16/1/2016,0.208543478
17/1/2016,0.208543478
18/1/2016,0.500030385
19/1/2016,0.446709609
20/1/2016,0.42182658
21/1/2016,0.412347331
22/1/2016,0.445524703
23/1/2016,0.228686882
24/1/2016,0.222762351
25/1/2016,0.507139821
26/1/2016,0.490551136
27/1/2016,0.511879446
28/1/2016,0.507139821
29/1/2016,0.564015315
30/1/2016,0.225132164
31/1/2016,0.223947258
1/2/2016,0.520173789
2/2/2016,0.483441699
3/2/2016,0.485811511
4/2/2016,0.427751111
5/2/2016,0.471592638
6/2/2016,0.20498876
7/2/2016,0.265418972
8/2/2016,0.447894515
9/2/2016,0.498845478
10/2/2016,0.49529076
11/2/2016,0.465668107
12/2/2016,0.483441699
13/2/2016,0.308075592
14/2/2016,0.373245429
15/2/2016,0.539132287
16/2/2016,0.482256793
17/2/2016,0.465668107
18/2/2016,0.445524703
19/2/2016,0.424196393
20/2/2016,0.199064229
21/2/2016,0.202618947
22/2/2016,0.465668107
23/2/2016,0.463298295
24/2/2016,0.434860548
25/2/2016,0.465668107
26/2/2016,0.471592638
27/2/2016,0.229871788
28/2/2016,0.21091329
29/2/2016,0.601932311
1/3/2016,0.40049827
2/3/2016,0.270158596
3/3/2016,0.272528409
4/3/2016,0.401683176
5/3/2016,0.236981225
6/3/2016,0.193139698
7/3/2016,0.28437747
8/3/2016,0.291486907
9/3/2016,0.295041625
10/3/2016,0.290302001
11/3/2016,0.356656744
12/3/2016,0.181290637
13/3/2016,0.162332139
14/3/2016,0.293856719
15/3/2016,0.32703409
16/3/2016,0.30570578
17/3/2016,0.293856719
18/3/2016,0.323479372
19/3/2016,0.181290637
20/3/2016,0.181290637
21/3/2016,0.28437747
22/3/2016,0.329403903
23/3/2016,0.293856719
24/3/2016,0.311630311
25/3/2016,0.1741812
26/3/2016,0.170626482
27/3/2016,0.213283102
28/3/2016,0.529653038
29/3/2016,0.392203927
30/3/2016,0.438415266
31/3/2016,0.659992711
1/4/2016,0.8318041
2/4/2016,0.291486907
3/4/2016,0.298596343
4/4/2016,0.689615365
5/4/2016,0.77966823
6/4/2016,0.665917242
7/4/2016,0.712128581
8/4/2016,0.695539895
9/4/2016,0.382724678
10/4/2016,0.607856842
11/4/2016,0.619705903
12/4/2016,0.599562499
13/4/2016,0.523728507
14/4/2016,0.673026679
15/4/2016,0.777298418
16/4/2016,0.925411683
17/4/2016,1.330649578
18/4/2016,1.178981594
19/4/2016,1.1801665
20/4/2016,1.293917488
21/4/2016,1.891110175
22/4/2016,1.553411929
23/4/2016,1.368566574
24/4/2016,1.157653284
25/4/2016,1.039162671
26/4/2016,1.01190983
27/4/2016,1.125660818
28/4/2016,1.227562745
29/4/2016,1.141064598
30/4/2016,1.024943798
1/5/2016,0.931336214
2/5/2016,0.866166377
3/5/2016,0.900528655
4/5/2016,0.914747528
5/5/2016,1.175426876
6/5/2016,1.452694909
7/5/2016,1.25363068
8/5/2016,1.305766549
9/5/2016,5.663851276
10/5/2016,7.915172913
11/5/2016,3.764446758
12/5/2016,3.218205035
13/5/2016,2.92908794
14/5/2016,2.497782111
15/5/2016,2.193261237
16/5/2016,2.325970723
17/5/2016,2.386400935
18/5/2016,2.427872649
19/5/2016,2.357963188
20/5/2016,2.395880184
21/5/2016,2.373366968
22/5/2016,3.016770993
23/5/2016,2.645895376
24/5/2016,2.272649947
25/5/2016,2.279759384
26/5/2016,2.512000984
27/5/2016,2.628121784
28/5/2016,2.64471047
29/5/2016,2.820076577
30/5/2016,2.385216029
31/5/2016,2.066476281
1/6/2016,1.692045946
2/6/2016,1.586589301
3/6/2016,1.835419587
4/6/2016,1.993012102
5/6/2016,2.072400812
6/6/2016,2.081880061
7/6/2016,2.751352021
8/6/2016,2.305827319
9/6/2016,2.122166869
10/6/2016,1.957464918
11/6/2016,1.915993204
12/6/2016,1.779728999
13/6/2016,1.585404395
14/6/2016,1.462174158
15/6/2016,1.489426999
16/6/2016,1.380415635
17/6/2016,1.25363068
18/6/2016,0.886309781
19/6/2016,0.965698492
20/6/2016,1.10670232
21/6/2016,1.0059853
22/6/2016,0.95384943
23/6/2016,0.942000369
24/6/2016,0.997690957
25/6/2016,0.805736165
26/6/2016,0.796256916
27/6/2016,1.000060769
28/6/2016,0.904083373
29/6/2016,0.767819169
30/6/2016,1.015464549
1/7/2016,0.905268279
2/7/2016,0.691985177
3/7/2016,0.645773838
4/7/2016,0.719238018
5/7/2016,0.703834238
6/7/2016,0.643404026
7/7/2016,0.548611536
8/7/2016,0.900528655
9/7/2016,0.374430335
10/7/2016,0.522543601
11/7/2016,1.090113635
12/7/2016,0.838913536
13/7/2016,0.671841773
14/7/2016,0.727532361
15/7/2016,0.702649332
16/7/2016,0.255939723
17/7/2016,0.228686882
18/7/2016,0.409977519
19/7/2016,0.41590205
20/7/2016,0.345992588
21/7/2016,0.35784165
22/7/2016,0.726347454
23/7/2016,0.650513462
24/7/2016,0.481071887
25/7/2016,0.53202285
26/7/2016,0.507139821
27/7/2016,0.351917119
28/7/2016,0.366135993
29/7/2016,0.47988698
30/7/2016,0.177735919
31/7/2016,0.182475543
1/8/2016,0.485811511
2/8/2016,0.325849184
3/8/2016,0.330588809
4/8/2016,0.279637845
5/8/2016,0.32703409
6/8/2016,0.138634017
7/8/2016,0.129154768
8/8/2016,0.286747282
9/8/2016,0.309260499
10/8/2016,0.398128458
11/8/2016,0.353102025
12/8/2016,0.314000123
13/8/2016,0.130339674
14/8/2016,0.215652915
15/8/2016,0.29978125
16/8/2016,0.308075592
17/8/2016,0.165886857
18/8/2016,0.206173666
19/8/2016,0.183660449
20/8/2016,0.181290637
21/8/2016,0.186030262
22/8/2016,0.162332139
23/8/2016,0.159962327
24/8/2016,0.15285289
25/8/2016,0.146928359
26/8/2016,0.142188735
27/8/2016,0.141003829
28/8/2016,0.144558547
29/8/2016,0.286747282
30/8/2016,0.308075592
31/8/2016,0.170626482
1/9/2016,0.122045331
2/9/2016,0.123230237
3/9/2016,0.143373641
4/9/2016,0.127969861
5/9/2016,0.251200098
6/9/2016,0.257124629
7/9/2016,0.24764538
8/9/2016,0.253569911
9/9/2016,0.221577445
10/9/2016,0.199064229
11/9/2016,0.119675519
12/9/2016,0.245275568
13/9/2016,0.248830286
14/9/2016,0.287932188
15/9/2016,0.239351037
16/9/2016,0.290302001
17/9/2016,0.125600049
18/9/2016,0.125600049
19/9/2016,0.223947258
20/9/2016,0.24764538
21/9/2016,0.209728384
22/9/2016,0.222762351
23/9/2016,0.22631707
24/9/2016,0.122045331
25/9/2016,0.114935894
26/9/2016,0.212098196
27/9/2016,0.200249135
28/9/2016,0.18958498
29/9/2016,0.190769886
30/9/2016,0.184845355
1/10/2016,0.091237772
2/10/2016,0.100717021
3/10/2016,0.18958498
4/10/2016,0.195509511
5/10/2016,0.099532114
6/10/2016,0.208543478
7/10/2016,0.203803853
8/10/2016,0.099532114
9/10/2016,0.092422678
10/10/2016,0.149298172
11/10/2016,0.157592515
12/10/2016,0.107826457
13/10/2016,0.309260499
14/10/2016,0.827064475
15/10/2016,0.279637845
16/10/2016,0.266603878
17/10/2016,0.356656744
18/10/2016,0.362581274
19/10/2016,0.325849184
20/10/2016,0.325849184
21/10/2016,0.296226531
22/10/2016,0.133894392
23/10/2016,0.139818923
24/10/2016,0.303335968
25/10/2016,0.32110956
26/10/2016,0.291486907
27/10/2016,0.272528409
28/10/2016,0.323479372
29/10/2016,0.127969861
30/10/2016,0.120860425
31/10/2016,0.120860425
1/11/2016,0.114935894
2/11/2016,0.351917119
3/11/2016,0.285562376
4/11/2016,0.311630311
5/11/2016,0.875645626
6/11/2016,1.213343872
7/11/2016,0.707388956
8/11/2016,0.542687005
9/11/2016,0.514249258
10/11/2016,0.443154891
11/11/2016,0.42182658
12/11/2016,0.216837821
13/11/2016,0.206173666
14/11/2016,0.374430335
15/11/2016,0.374430335
16/11/2016,0.355471837
17/11/2016,0.335328433
18/11/2016,0.375615242
19/11/2016,0.186030262
20/11/2016,0.167071764
21/11/2016,1.821200714
22/11/2016,2.725284087
23/11/2016,2.246582012
24/11/2016,2.026189473
25/11/2016,1.336574109
26/11/2016,0.780853136
27/11/2016,0.765449357
28/11/2016,0.928966402
29/11/2016,0.569939846
30/11/2016,0.524913413
1/12/2016,0.633924777
2/12/2016,0.537947381
3/12/2016,0.287932188
4/12/2016,0.286747282
5/12/2016,0.45855867
6/12/2016,0.425381299
7/12/2016,0.385094491
8/12/2016,0.39457374
9/12/2016,0.376800148
10/12/2016,0.199064229
11/12/2016,0.190769886
12/12/2016,0.316369935
13/12/2016,0.370875617
14/12/2016,0.297411437
15/12/2016,0.323479372
16/12/2016,0.304520874
17/12/2016,0.163517045
18/12/2016,0.15285289
19/12/2016,0.291486907
20/12/2016,0.293856719
21/12/2016,0.314000123
22/12/2016,0.329403903
23/12/2016,0.297411437
24/12/2016,0.139818923
25/12/2016,0.133894392
26/12/2016,0.285562376
27/12/2016,0.293856719
28/12/2016,0.254754817
29/12/2016,0.20498876
30/12/2016,0.201434041
31/12/2016,0.117305706
1/1/2017,0.11019627
2/1/2017,0.274898221
3/1/2017,0.258309535
4/1/2017,0.191954792
5/1/2017,0.188400074
6/1/2017,0.175366106
7/1/2017,0.11019627
8/1/2017,0.109011363
9/1/2017,0.171811388
10/1/2017,0.195509511
11/1/2017,0.199064229
12/1/2017,0.200249135
13/1/2017,0.18958498
14/1/2017,0.112566082
15/1/2017,0.122045331
16/1/2017,0.220392539
17/1/2017,0.244090662
18/1/2017,0.219207633
19/1/2017,0.2322416
20/1/2017,0.277268033
21/1/2017,0.123230237
22/1/2017,0.1161208
23/1/2017,0.193139698
24/1/2017,0.187215168
25/1/2017,0.272528409
26/1/2017,0.276083127
27/1/2017,0.28437747
28/1/2017,0.13744911
29/1/2017,0.125600049
30/1/2017,0.279637845
31/1/2017,0.24764538
1/2/2017,0.264234066
2/2/2017,0.267788784
3/2/2017,0.296226531
4/2/2017,0.28437747
5/2/2017,0.559275691
6/2/2017,0.505954915
7/2/2017,0.681321022
8/2/2017,0.588898344
9/2/2017,0.522543601
10/2/2017,0.45263414
11/2/2017,0.223947258
12/2/2017,0.212098196
13/2/2017,0.376800148
14/2/2017,0.587713438
15/2/2017,0.533207756
16/2/2017,0.491736042
17/2/2017,0.433675642
18/2/2017,0.325849184
19/2/2017,0.314000123
20/2/2017,0.450264327
21/2/2017,0.470407731
22/2/2017,0.530837944
23/2/2017,0.565200221
24/2/2017,0.586528532
25/2/2017,0.366135993
26/2/2017,0.360211462
27/2/2017,0.623260622
28/2/2017,0.770188981
1/3/2017,0.504770009
2/3/2017,0.509509634
3/3/2017,0.564015315
4/3/2017,0.75833992
5/3/2017,0.567570034
6/3/2017,0.453819046
7/3/2017,0.617336091
8/3/2017,1.178981594
9/3/2017,1.071155137
10/3/2017,1.113811757
11/3/2017,0.763079544
12/3/2017,1.047457014
13/3/2017,1.167132533
14/3/2017,1.016649455
15/3/2017,0.912377716
16/3/2017,0.891049406
17/3/2017,1.096038165
18/3/2017,0.940815463
19/3/2017,0.950294712
20/3/2017,1.383970354
21/3/2017,1.397004321
22/3/2017,1.157653284
23/3/2017,1.094853259
24/3/2017,0.844838067
25/3/2017,0.930151308
26/3/2017,0.745305952
27/3/2017,1.081819292
28/3/2017,0.825879569
29/3/2017,0.842468255
30/3/2017,0.8898645
31/3/2017,1.067600418
1/4/2017,0.849577691
2/4/2017,0.855502222
3/4/2017,0.944370181
4/4/2017,0.930151308
5/4/2017,0.875645626
6/4/2017,0.930151308
7/4/2017,0.883939969
8/4/2017,0.680136116
9/4/2017,0.857872034
10/4/2017,1.319985423
11/4/2017,1.350792982
12/4/2017,1.451510003
13/4/2017,1.584219489
14/4/2017,1.767879938
15/4/2017,1.494166623
16/4/2017,1.673087448
17/4/2017,1.598438362
18/4/2017,1.732332754
19/4/2017,1.670717636
20/4/2017,1.436106223
21/4/2017,1.314060892
22/4/2017,1.168317439
23/4/2017,1.460989252
24/4/2017,1.629245921
25/4/2017,1.753661064
26/4/2017,1.814091277
27/4/2017,1.547487399
28/4/2017,1.344868451
29/4/2017,0.976362647
30/4/2017,1.097223071
1/5/2017,1.289177864
2/5/2017,1.091298541
3/5/2017,1.077079667
4/5/2017,1.136324974
5/5/2017,1.457434533
6/5/2017,1.92310264
7/5/2017,1.894664893
8/5/2017,2.013155506
9/5/2017,1.855562991
10/5/2017,1.756030877
11/5/2017,3.111563483
12/5/2017,2.617457629
13/5/2017,2.137570649
14/5/2017,1.977608322
15/5/2017,2.042778159
16/5/2017,2.131646118
17/5/2017,2.234732951
18/5/2017,2.394695278
19/5/2017,2.277389572
20/5/2017,1.705079913
21/5/2017,1.610287423
22/5/2017,2.251321637
23/5/2017,2.669593499
24/5/2017,2.285683914
25/5/2017,2.308197131
26/5/2017,2.41246887
27/5/2017,1.821200714
28/5/2017,1.93850642
29/5/2017,2.138755555
30/5/2017,1.683751603
31/5/2017,1.862672428
1/6/2017,1.906513955
2/6/2017,1.893479987
3/6/2017,1.931396983
4/6/2017,2.293978257
5/6/2017,2.084249873
6/6/2017,1.936136608
7/6/2017,1.639910077
8/6/2017,1.492981717
9/6/2017,1.513125121
10/6/2017,1.278513708
11/6/2017,1.181351406
12/6/2017,1.413593007
13/6/2017,1.157653284
14/6/2017,1.101962696
15/6/2017,1.271404272
16/6/2017,1.450325097
17/6/2017,0.778483324
18/6/2017,0.908822998
19/6/2017,0.957404149
20/6/2017,1.032053235
21/6/2017,0.979917365
22/6/2017,1.003615488
23/6/2017,0.847207879
24/6/2017,0.518988883
25/6/2017,0.566385128
26/6/2017,0.963328679
27/6/2017,0.855502222
28/6/2017,0.810475789
29/6/2017,0.731087079
30/6/2017,0.841283348
1/7/2017,0.606671936
2/7/2017,0.555720972
3/7/2017,0.703834238
4/7/2017,0.596007781
5/7/2017,0.409977519
6/7/2017,0.445524703
7/7/2017,0.629185152
8/7/2017,0.219207633
9/7/2017,0.317554841
10/7/2017,0.835358818
11/7/2017,0.534392662
12/7/2017,0.515434164
13/7/2017,0.392203927
14/7/2017,0.438415266
15/7/2017,0.169441576
16/7/2017,0.196694417
17/7/2017,0.373245429
18/7/2017,0.303335968
19/7/2017,0.289117094
20/7/2017,0.30570578
21/7/2017,0.425381299
22/7/2017,0.228686882
23/7/2017,0.273713315
24/7/2017,0.47988698
25/7/2017,0.426566205
26/7/2017,0.355471837
27/7/2017,0.28437747
28/7/2017,0.257124629
29/7/2017,0.114935894
30/7/2017,0.112566082
31/7/2017,0.34243787
1/8/2017,0.207358572
2/8/2017,0.194324604
3/8/2017,0.186030262
4/8/2017,0.199064229
5/8/2017,0.099532114
6/8/2017,0.823509757
7/8/2017,0.382724678
8/8/2017,0.309260499
9/8/2017,0.308075592
10/8/2017,0.359026556
11/8/2017,0.481071887
12/8/2017,0.146928359
13/8/2017,0.123230237
14/8/2017,0.306890686
15/8/2017,0.26304916
16/8/2017,0.349547307
17/8/2017,0.255939723
18/8/2017,0.164701951
19/8/2017,0.182475543
20/8/2017,0.164701951
21/8/2017,0.15285289
22/8/2017,0.149298172
23/8/2017,0.149298172
24/8/2017,0.167071764
25/8/2017,0.149298172
26/8/2017,0.139818923
27/8/2017,0.144558547
28/8/2017,0.177735919
29/8/2017,0.214468009
30/8/2017,0.167071764
31/8/2017,0.248830286
1/9/2017,0.219207633
2/9/2017,0.164701951
3/9/2017,0.154037796
4/9/2017,0.148113266
5/9/2017,0.112566082
6/9/2017,0.176551013
7/9/2017,0.141003829
8/9/2017,0.100717021
9/9/2017,0.123230237
10/9/2017,0.118490612
11/9/2017,0.290302001
12/9/2017,0.201434041
13/9/2017,0.194324604
14/9/2017,0.216837821
15/9/2017,0.514249258
16/9/2017,0.161147233
17/9/2017,0.151667984
18/9/2017,0.356656744
19/9/2017,0.315185029
20/9/2017,0.312815217
21/9/2017,0.253569911
22/9/2017,0.312815217
23/9/2017,0.142188735
24/9/2017,0.119675519
25/9/2017,0.361396368
26/9/2017,0.468037919
27/9/2017,0.372060523
28/9/2017,0.312815217
29/9/2017,0.319924654
30/9/2017,0.125600049
1/10/2017,0.129154768
2/10/2017,0.61141156
3/10/2017,0.490551136
4/10/2017,0.295041625
5/10/2017,0.297411437
6/10/2017,0.392203927
7/10/2017,0.117305706
8/10/2017,0.111381176
9/10/2017,0.423011486
10/10/2017,0.111381176
11/10/2017,0.436045454
12/10/2017,0.107826457
13/10/2017,0.223947258
14/10/2017,0.099532114
15/10/2017,0.09479249
16/10/2017,0.245275568
17/10/2017,0.186030262
18/10/2017,0.355471837
19/10/2017,0.744121046
20/10/2017,0.543871911
21/10/2017,0.258309535
22/10/2017,0.150483078
23/10/2017,0.315185029
24/10/2017,0.310445405
25/10/2017,0.289117094
26/10/2017,0.304520874
27/10/2017,0.308075592
28/10/2017,0.165886857
29/10/2017,0.123230237
30/10/2017,0.350732213
31/10/2017,0.158777421
1/11/2017,0.113750988
2/11/2017,0.252385005
3/11/2017,0.315185029
4/11/2017,0.16825667
5/11/2017,0.157592515
6/11/2017,0.267788784
7/11/2017,0.367320899
8/11/2017,0.222762351
9/11/2017,0.255939723
10/11/2017,0.267788784
11/11/2017,0.144558547
12/11/2017,0.141003829
13/11/2017,0.244090662
14/11/2017,0.244090662
15/11/2017,0.296226531
16/11/2017,0.26304916
17/11/2017,0.199064229
18/11/2017,0.122045331
19/11/2017,0.111381176
20/11/2017,0.254754817
21/11/2017,0.285562376
22/11/2017,0.242905756
23/11/2017,0.251200098
24/11/2017,0.229871788
25/11/2017,0.124415143
26/11/2017,0.101901927
27/11/2017,0.125600049
28/11/2017,0.114935894
29/11/2017,0.117305706
30/11/2017,0.097162302
1/12/2017,0.364951086
2/12/2017,0.104271739
3/12/2017,0.107826457
4/12/2017,0.272528409
5/12/2017,0.283192564
6/12/2017,0.104271739
7/12/2017,0.26897369
8/12/2017,0.104271739
9/12/2017,0.092422678
10/12/2017,0.099532114
11/12/2017,0.694354989
12/12/2017,0.351917119
13/12/2017,0.20498876
14/12/2017,0.285562376
15/12/2017,0.280822752
16/12/2017,0.111381176
17/12/2017,0.105456645
18/12/2017,0.367320899
19/12/2017,0.343622776
20/12/2017,0.323479372
21/12/2017,0.39457374
22/12/2017,0.40049827
23/12/2017,0.117305706
24/12/2017,0.105456645
25/12/2017,0.107826457
26/12/2017,0.367320899
27/12/2017,0.387464303
28/12/2017,0.124415143
29/12/2017,0.536762474
30/12/2017,0.151667984
31/12/2017,0.120860425
1/1/2018,0.124415143
2/1/2018,0.490551136
3/1/2018,0.693170083
4/1/2018,0.70620405
5/1/2018,0.823509757
6/1/2018,0.233426507
7/1/2018,0.485811511
8/1/2018,0.610226654
9/1/2018,0.485811511
10/1/2018,0.356656744
11/1/2018,0.368505805
12/1/2018,0.446709609
13/1/2018,0.155222702
14/1/2018,0.146928359
15/1/2018,0.35784165
16/1/2018,0.330588809
17/1/2018,0.428936017
18/1/2018,0.337698246
19/1/2018,0.411162425
20/1/2018,0.171811388
21/1/2018,1.265479741
22/1/2018,1.462174158
23/1/2018,0.900528655
24/1/2018,0.772558793
25/1/2018,0.655253087
26/1/2018,0.804551259
27/1/2018,0.309260499
28/1/2018,0.223947258
29/1/2018,0.546241723
30/1/2018,0.501215291
31/1/2018,0.492920948
1/2/2018,0.445524703
2/2/2018,0.383909584
3/2/2018,0.18958498
4/2/2018,0.180105731
5/2/2018,0.451449233
6/2/2018,0.464483201
7/2/2018,0.385094491
8/2/2018,0.338883152
9/2/2018,0.334143527
10/2/2018,0.156407608
11/2/2018,0.167071764
12/2/2018,0.349547307
13/2/2018,0.332958621
14/2/2018,0.383909584
15/2/2018,0.504770009
16/2/2018,0.564015315
17/2/2018,0.26897369
18/2/2018,0.222762351
19/2/2018,0.509509634
20/2/2018,0.462113389
21/2/2018,0.417086956
22/2/2018,0.399313364
23/2/2018,0.428936017
24/2/2018,0.197879323
25/2/2018,0.186030262
26/2/2018,0.408792613
27/2/2018,0.290302001
28/2/2018,0.45855867
1/3/2018,0.309260499
2/3/2018,0.996506051
3/3/2018,0.518988883
4/3/2018,0.446709609
5/3/2018,0.43723036
6/3/2018,0.428936017
7/3/2018,0.431305829
8/3/2018,0.39457374
9/3/2018,0.433675642
10/3/2018,0.790332385
11/3/2018,1.34842317
12/3/2018,1.053381545
13/3/2018,0.862611659
14/3/2018,0.73701161
15/3/2018,1.239411806
16/3/2018,1.026128704
17/3/2018,0.652883275
18/3/2018,0.535577568
19/3/2018,0.739381422
20/3/2018,0.623260622
21/3/2018,0.586528532
22/3/2018,0.398128458
23/3/2018,0.476332262
24/3/2018,0.351917119
25/3/2018,0.279637845
26/3/2018,0.518988883
27/3/2018,0.434860548
28/3/2018,0.542687005
29/3/2018,0.644588932
30/3/2018,0.484626605
31/3/2018,0.705019144
1/4/2018,0.361396368
2/4/2018,0.514249258
3/4/2018,0.726347454
4/4/2018,0.793887104
5/4/2018,0.875645626
6/4/2018,0.89578903
7/4/2018,1.01190983
8/4/2018,2.086619686
9/4/2018,1.977608322
10/4/2018,1.430181692
11/4/2018,1.474023219
12/4/2018,1.214528778
13/4/2018,1.08537401
14/4/2018,0.875645626
15/4/2018,0.708573863
16/4/2018,1.209789153
17/4/2018,1.20149481
18/4/2018,1.3543477
19/4/2018,1.827125244
20/4/2018,2.315306568
21/4/2018,2.229993327
22/4/2018,2.683812372
23/4/2018,3.326031492
24/4/2018,3.557088186
25/4/2018,3.762076946
26/4/2018,4.228929959
27/4/2018,5.295345471
28/4/2018,6.300145865
29/4/2018,5.279941691
30/4/2018,3.795254317
1/5/2018,2.843774699
2/5/2018,2.533329294
3/5/2018,2.334265066
4/5/2018,2.008415881
5/5/2018,1.630430828
6/5/2018,1.985902665
7/5/2018,3.136446512
8/5/2018,4.791760368
9/5/2018,4.484869682
10/5/2018,4.605730107
11/5/2018,4.473020621
12/5/2018,4.576107453
13/5/2018,4.560703674
14/5/2018,3.773926007
15/5/2018,3.125782357
16/5/2018,2.690921809
17/5/2018,2.419578307
18/5/2018,2.611533099
19/5/2018,2.600868944
20/5/2018,3.08194083
21/5/2018,3.455186259
22/5/2018,3.481254194
23/5/2018,3.294039027
24/5/2018,4.301209232
25/5/2018,4.554779143
26/5/2018,5.964817431
27/5/2018,6.649693172
28/5/2018,5.827368321
29/5/2018,5.775232452
30/5/2018,5.611715406
31/5/2018,4.550039519
1/6/2018,4.302394139
2/6/2018,3.931518522
3/6/2018,3.698092015
4/6/2018,3.626997648
5/6/2018,3.352099427
6/6/2018,3.339065459
7/6/2018,3.112748389
8/6/2018,2.98714834
9/6/2018,2.843774699
10/6/2018,3.548793843
11/6/2018,3.930333615
12/6/2018,3.408974921
13/6/2018,3.618703305
14/6/2018,3.669654268
15/6/2018,3.258491843
16/6/2018,2.820076577
17/6/2018,2.50726136
18/6/2018,2.90775963
19/6/2018,2.64471047
20/6/2018,2.423133025
21/6/2018,2.328340535
22/6/2018,2.408914151
23/6/2018,2.079510249
24/6/2018,1.788023342
25/6/2018,1.856747897
26/6/2018,1.747736534
27/6/2018,1.673087448
28/6/2018,1.699155383
29/6/2018,1.65412895
30/6/2018,1.282068427
1/7/2018,1.244151431
2/7/2018,1.367381668
3/7/2018,1.273774084
4/7/2018,1.162392908
5/7/2018,1.1221061
6/7/2018,1.072340043
7/7/2018,0.851947504
8/7/2018,1.272589178
9/7/2018,1.570000615
10/7/2018,1.192015561
11/7/2018,1.387525072
12/7/2018,1.735887473
13/7/2018,1.415962819
14/7/2018,0.910007904
15/7/2018,0.708573863
16/7/2018,1.177796688
17/7/2018,1.036792859
18/7/2018,0.719238018
19/7/2018,0.718053112
20/7/2018,0.808105977
21/7/2018,0.824694663
22/7/2018,0.678951209
23/7/2018,0.702649332
24/7/2018,0.75833992
25/7/2018,0.863796565
26/7/2018,0.747675765
27/7/2018,0.761894638
28/7/2018,0.469222825
29/7/2018,0.300966156
30/7/2018,0.636294589
31/7/2018,0.579419095
1/8/2018,0.386279397
2/8/2018,0.462113389
3/8/2018,0.376800148
4/8/2018,0.194324604
5/8/2018,0.194324604
6/8/2018,0.51661907
7/8/2018,0.584158719
8/8/2018,0.503585103
9/8/2018,0.977547553
10/8/2018,0.888679593
11/8/2018,0.447894515
12/8/2018,0.96925321
13/8/2018,1.725223317
14/8/2018,0.914747528
15/8/2018,0.823509757
16/8/2018,0.966883398
17/8/2018,0.864981471
18/8/2018,0.892234312
19/8/2018,0.752415389
20/8/2018,0.680136116
21/8/2018,0.662362524
22/8/2018,0.664732336
23/8/2018,0.658807805
24/8/2018,0.70620405
25/8/2018,0.328218997
26/8/2018,0.283192564
27/8/2018,0.481071887
28/8/2018,0.542687005
29/8/2018,0.713313487
30/8/2018,0.699094614
31/8/2018,0.53202285
1/9/2018,0.283192564
2/9/2018,0.202618947
3/9/2018,0.534392662
4/9/2018,0.580604001
5/9/2018,0.478702074
6/9/2018,0.931336214
7/9/2018,0.855502222
8/9/2018,0.354286931
9/9/2018,0.423011486
10/9/2018,0.607856842
11/9/2018,0.419456768
12/9/2018,0.560460597
13/9/2018,0.559275691
14/9/2018,0.489366229
15/9/2018,0.18958498
16/9/2018,0.182475543
17/9/2018,0.514249258
18/9/2018,0.558090785
19/9/2018,0.36376618
20/9/2018,0.361396368
21/9/2018,0.369690711
22/9/2018,0.170626482
23/9/2018,0.161147233
24/9/2018,0.399313364
25/9/2018,0.350732213
26/9/2018,0.272528409
27/9/2018,0.157592515
28/9/2018,0.432490735
29/9/2018,0.252385005
30/9/2018,0.329403903
1/10/2018,0.441969984
2/10/2018,0.361396368
3/10/2018,0.370875617
4/10/2018,0.353102025
5/10/2018,0.463298295
6/10/2018,0.213283102
7/10/2018,0.219207633
8/10/2018,0.377985054
9/10/2018,0.389834115
10/10/2018,0.719238018
11/10/2018,0.659992711
12/10/2018,0.586528532
13/10/2018,0.420641674
14/10/2018,0.40049827
15/10/2018,5.297715283
16/10/2018,1.926657359
17/10/2018,1.533268525
18/10/2018,1.287992957
19/10/2018,1.231117464
20/10/2018,0.767819169
21/10/2018,0.658807805
22/10/2018,0.686060646
23/10/2018,0.697909707
24/10/2018,0.635109683
25/10/2018,0.604302124
26/10/2018,0.600747405
27/10/2018,0.350732213
28/10/2018,0.463298295
29/10/2018,0.64814365
30/10/2018,0.62681534
31/10/2018,0.535577568
1/11/2018,0.32703409
2/11/2018,0.931336214
3/11/2018,0.266603878
4/11/2018,0.32703409
5/11/2018,0.719238018
6/11/2018,0.85313241
7/11/2018,0.701464426
8/11/2018,0.72160783
9/11/2018,0.921856965
10/11/2018,0.552166254
11/11/2018,0.628000246
12/11/2018,0.882755063
13/11/2018,0.906453185
14/11/2018,0.681321022
15/11/2018,0.701464426
16/11/2018,0.851947504
17/11/2018,0.449079421
18/11/2018,0.387464303
19/11/2018,0.821139944
20/11/2018,0.701464426
21/11/2018,0.623260622
22/11/2018,0.528468132
23/11/2018,0.630370058
24/11/2018,0.322294466
25/11/2018,0.285562376
26/11/2018,0.528468132
27/11/2018,0.446709609
28/11/2018,0.465668107
29/11/2018,0.351917119
30/11/2018,0.420641674
1/12/2018,0.29978125
2/12/2018,0.220392539
3/12/2018,0.604302124
4/12/2018,0.529653038
5/12/2018,0.475147356
6/12/2018,0.228686882
7/12/2018,0.383909584
8/12/2018,0.219207633
9/12/2018,0.257124629
10/12/2018,0.41590205
11/12/2018,0.367320899
12/12/2018,0.439600172
13/12/2018,0.496475666
14/12/2018,0.521358695
15/12/2018,0.22631707
16/12/2018,0.26897369
17/12/2018,0.645773838
18/12/2018,0.455003952
19/12/2018,0.453819046
20/12/2018,0.47988698
21/12/2018,0.507139821
22/12/2018,0.228686882
23/12/2018,0.183660449
24/12/2018,0.465668107
25/12/2018,0.248830286
26/12/2018,0.51069454
27/12/2018,0.482256793
28/12/2018,0.552166254
29/12/2018,0.236981225
30/12/2018,0.164701951
31/12/2018,0.436045454
1/1/2019,0.1741812
2/1/2019,0.43723036
3/1/2019,0.431305829
4/1/2019,0.433675642
5/1/2019,0.157592515
6/1/2019,0.143373641
7/1/2019,0.399313364
8/1/2019,0.336513339
9/1/2019,0.318739748
10/1/2019,0.32703409
11/1/2019,0.253569911
12/1/2019,0.144558547
13/1/2019,0.138634017
14/1/2019,0.298596343
15/1/2019,0.349547307
16/1/2019,0.351917119
17/1/2019,0.319924654
18/1/2019,0.337698246
19/1/2019,0.129154768
20/1/2019,0.124415143
21/1/2019,0.286747282
22/1/2019,0.304520874
23/1/2019,0.317554841
24/1/2019,0.355471837
25/1/2019,0.354286931
26/1/2019,0.148113266
27/1/2019,0.141003829
28/1/2019,0.312815217
29/1/2019,0.382724678
30/1/2019,0.329403903
31/1/2019,0.407607707
1/2/2019,0.726347454
2/2/2019,0.274898221
3/2/2019,0.187215168
4/2/2019,0.338883152
5/2/2019,0.395758646
6/2/2019,0.433675642
7/2/2019,0.37916996
8/2/2019,0.350732213
9/2/2019,0.2322416
10/2/2019,0.225132164
11/2/2019,0.441969984
12/2/2019,0.266603878
13/2/2019,0.273713315
14/2/2019,0.199064229
15/2/2019,0.440785078
16/2/2019,0.203803853
17/2/2019,0.202618947
18/2/2019,0.292671813
19/2/2019,0.302151062
20/2/2019,0.32703409
21/2/2019,0.298596343
22/2/2019,0.406422801
23/2/2019,0.241720849
24/2/2019,0.298596343
25/2/2019,0.382724678
26/2/2019,0.577049283
27/2/2019,0.546241723
28/2/2019,0.527283225
1/3/2019,0.661177618
2/3/2019,0.337698246
3/3/2019,0.296226531
4/3/2019,0.561645503
5/3/2019,0.459743576
6/3/2019,0.432490735
7/3/2019,0.587713438
8/3/2019,0.56875494
9/3/2019,0.282007658
10/3/2019,0.282007658
11/3/2019,0.541502099
12/3/2019,0.542687005
13/3/2019,0.441969984
14/3/2019,0.406422801
15/3/2019,0.413532238
16/3/2019,0.265418972
17/3/2019,0.279637845
18/3/2019,0.482256793
19/3/2019,0.316369935
20/3/2019,0.484626605
21/3/2019,0.388649209
22/3/2019,0.56875494
23/3/2019,0.223947258
24/3/2019,0.206173666
25/3/2019,0.388649209
26/3/2019,0.441969984
27/3/2019,0.391019021
28/3/2019,0.362581274
29/3/2019,0.382724678
30/3/2019,0.212098196
31/3/2019,0.200249135
1/4/2019,0.439600172
2/4/2019,0.433675642
3/4/2019,0.498845478
4/4/2019,0.419456768
5/4/2019,0.372060523
6/4/2019,0.277268033
7/4/2019,0.216837821
8/4/2019,0.432490735
9/4/2019,0.430120923
10/4/2019,0.402868082
11/4/2019,0.329403903
12/4/2019,0.385094491
13/4/2019,0.195509511
14/4/2019,0.193139698
15/4/2019,0.444339797
16/4/2019,0.905268279
17/4/2019,0.913562622
18/4/2019,1.067600418
19/4/2019,1.04864192
20/4/2019,0.850762597
21/4/2019,0.892234312
22/4/2019,1.107887227
23/4/2019,1.016649455
24/4/2019,1.176611782
25/4/2019,2.636416127
26/4/2019,1.797502591
27/4/2019,1.028498516
28/4/2019,1.229932557
29/4/2019,1.431366599
30/4/2019,1.351977888
1/5/2019,1.338943921
2/5/2019,1.824755432
3/5/2019,1.808166746
4/5/2019,1.315245798
5/5/2019,0.937260745
6/5/2019,1.192015561
7/5/2019,1.113811757
8/5/2019,1.405298664
9/5/2019,1.860302616
10/5/2019,1.862672428
11/5/2019,1.766695032
12/5/2019,1.606732705
13/5/2019,1.560521366
14/5/2019,1.44321566
15/5/2019,1.490611905
16/5/2019,1.504830778
17/5/2019,2.229993327
18/5/2019,1.55933646
19/5/2019,1.439660941
20/5/2019,1.490611905
21/5/2019,1.178981594
22/5/2019,1.136324974
23/5/2019,1.188460843
24/5/2019,2.952786063
25/5/2019,3.006106838
26/5/2019,2.474083988
27/5/2019,2.266725416
28/5/2019,2.090174404
29/5/2019,1.906513955
30/5/2019,1.722853505
31/5/2019,1.692045946
1/6/2019,1.618581766
2/6/2019,1.69086104
3/6/2019,1.950355481
4/6/2019,1.885185644
5/6/2019,2.04870269
6/6/2019,1.76432522
7/6/2019,1.481132656
8/6/2019,1.052196639
9/6/2019,1.146989129
10/6/2019,1.375676011
11/6/2019,1.551042117
12/6/2019,1.312875986
13/6/2019,1.110257039
14/6/2019,1.04864192
15/6/2019,0.923041871
16/6/2019,0.919487153
17/6/2019,1.151728753
18/6/2019,1.096038165
19/6/2019,1.041532484
20/6/2019,1.155283472
21/6/2019,1.683751603
22/6/2019,0.913562622
23/6/2019,0.894604124
24/6/2019,1.184906125
25/6/2019,0.981102271
26/6/2019,0.881570157
27/6/2019,0.780853136
28/6/2019,0.857872034
29/6/2019,0.383909584
30/6/2019,0.447894515
1/7/2019,0.950294712
2/7/2019,0.515434164
3/7/2019,0.714498393
4/7/2019,0.549796442
5/7/2019,0.60548703
6/7/2019,0.248830286
7/7/2019,0.222762351
8/7/2019,0.708573863
9/7/2019,0.878015438
10/7/2019,0.637479495
11/7/2019,0.598377593
12/7/2019,0.497660572
13/7/2019,0.21091329
14/7/2019,0.30570578
15/7/2019,0.556905879
16/7/2019,0.501215291
17/7/2019,0.283192564
18/7/2019,0.289117094
19/7/2019,0.261864254
20/7/2019,0.188400074
21/7/2019,0.209728384
22/7/2019,0.300966156
23/7/2019,0.264234066
24/7/2019,0.285562376
25/7/2019,0.228686882
26/7/2019,0.315185029
27/7/2019,0.477517168
28/7/2019,0.406422801
29/7/2019,0.341252964
30/7/2019,0.336513339
31/7/2019,0.347177495
1/8/2019,0.136264204
2/8/2019,0.213283102
3/8/2019,0.146928359
4/8/2019,0.118490612
5/8/2019,0.250015192
6/8/2019,0.216837821
7/8/2019,0.264234066
8/8/2019,0.220392539
9/8/2019,0.175366106
10/8/2019,0.09479249
11/8/2019,0.067539649
12/8/2019,0.154037796
13/8/2019,0.144558547
14/8/2019,0.144558547
15/8/2019,0.072279274
16/8/2019,0.148113266
17/8/2019,0.063984931
18/8/2019,0.080573616
19/8/2019,0.125600049
20/8/2019,1.623321391
21/8/2019,0.769004075
22/8/2019,0.464483201
23/8/2019,0.338883152
24/8/2019,0.261864254
25/8/2019,0.223947258
26/8/2019,0.317554841
27/8/2019,0.389834115
28/8/2019,0.219207633
29/8/2019,0.18958498
30/8/2019,0.273713315
31/8/2019,0.163517045
1/9/2019,0.162332139
2/9/2019,0.239351037
3/9/2019,0.22631707
4/9/2019,0.316369935
5/9/2019,0.338883152
6/9/2019,0.120860425
7/9/2019,0.11019627
8/9/2019,0.111381176
9/9/2019,0.149298172
10/9/2019,0.253569911
11/9/2019,0.318739748
12/9/2019,0.29978125
13/9/2019,0.438415266
14/9/2019,0.195509511
15/9/2019,0.148113266
16/9/2019,0.279637845
17/9/2019,0.219207633
18/9/2019,0.314000123
19/9/2019,0.289117094
20/9/2019,0.411162425
21/9/2019,0.162332139
22/9/2019,0.155222702
23/9/2019,0.293856719
24/9/2019,0.24764538
25/9/2019,0.200249135
26/9/2019,0.120860425
27/9/2019,0.214468009
28/9/2019,0.123230237
29/9/2019,0.101901927
30/9/2019,0.344807682
1/10/2019,0.101901927
2/10/2019,0.101901927
3/10/2019,0.095977396
4/10/2019,0.216837821
5/10/2019,0.097162302
6/10/2019,0.091237772
7/10/2019,0.16825667
8/10/2019,0.159962327
9/10/2019,0.178920825
10/10/2019,0.150483078
11/10/2019,0.085313241
12/10/2019,0.082943429
13/10/2019,0.085313241
14/10/2019,0.182475543
15/10/2019,0.49529076
16/10/2019,0.129154768
17/10/2019,0.1161208
18/10/2019,0.355471837
19/10/2019,0.117305706
20/10/2019,0.921856965
21/10/2019,0.985841896
22/10/2019,0.830619193
23/10/2019,6.118855228
24/10/2019,2.525034952
25/10/2019,1.796317685
26/10/2019,1.065230606
27/10/2019,0.930151308
28/10/2019,1.119736288
29/10/2019,0.708573863
30/10/2019,0.739381422
31/10/2019,0.760709732
1/11/2019,0.722792736
2/11/2019,0.439600172
3/11/2019,0.806921071
4/11/2019,1.145804223
5/11/2019,1.256000492
6/11/2019,0.930151308
7/11/2019,0.96925321
8/11/2019,0.918302247
9/11/2019,0.635109683
10/11/2019,0.581788907
11/11/2019,0.819955038
12/11/2019,0.856687128
13/11/2019,0.558090785
14/11/2019,0.680136116
15/11/2019,0.514249258
16/11/2019,0.278452939
17/11/2019,0.420641674
18/11/2019,0.633924777
19/11/2019,0.405237895
20/11/2019,0.446709609
21/11/2019,0.449079421
22/11/2019,0.622075715
23/11/2019,0.960958867
24/11/2019,0.566385128
25/11/2019,0.656437993
26/11/2019,0.650513462
27/11/2019,0.915932434
28/11/2019,1.142249504
29/11/2019,0.571124752
30/11/2019,0.477517168
1/12/2019,0.885124875
2/12/2019,0.91711734
3/12/2019,0.738196516
4/12/2019,0.763079544
5/12/2019,0.701464426
6/12/2019,0.382724678
7/12/2019,0.354286931
8/12/2019,0.324664278
9/12/2019,0.729902173
10/12/2019,0.539132287
11/12/2019,0.477517168
12/12/2019,0.523728507
13/12/2019,1.083004198
14/12/2019,1.402928852
15/12/2019,1.094853259
16/12/2019,1.131585349
17/12/2019,1.169502345
18/12/2019,1.081819292
19/12/2019,1.081819292
20/12/2019,6.998055572
21/12/2019,3.95640155
22/12/2019,2.95041625
23/12/2019,2.626936878
24/12/2019,2.066476281
25/12/2019,1.20149481
26/12/2019,1.722853505
27/12/2019,1.490611905
28/12/2019,0.955034336
29/12/2019,0.912377716
30/12/2019,1.415962819
31/12/2019,1.077079667
1/1/2020,0.712128581
2/1/2020,1.183721219
3/1/2020,1.133955161
4/1/2020,0.585343626
5/1/2020,0.548611536
6/1/2020,0.970438116
7/1/2020,0.817585226
8/1/2020,0.812845602
9/1/2020,0.803366353
10/1/2020,1.003615488
11/1/2020,0.482256793
12/1/2020,0.412347331
13/1/2020,0.770188981
14/1/2020,0.710943675
15/1/2020,0.686060646
16/1/2020,0.593637968
17/1/2020,0.712128581
18/1/2020,0.323479372
19/1/2020,0.293856719
20/1/2020,0.661177618
21/1/2020,0.636294589
22/1/2020,0.827064475
23/1/2020,1.93850642
24/1/2020,1.316430704
25/1/2020,0.720422924
26/1/2020,0.646958744
27/1/2020,0.9479249
28/1/2020,0.879200344
29/1/2020,0.85313241
30/1/2020,0.847207879
31/1/2020,0.785592761
1/2/2020,0.61141156
2/2/2020,0.716868205
3/2/2020,1.055751357
4/2/2020,1.074709855
5/2/2020,1.016649455
6/2/2020,0.996506051
7/2/2020,1.14343441
8/2/2020,0.599562499
9/2/2020,0.599562499
10/2/2020,0.89578903
11/2/2020,0.958589055
12/2/2020,0.96925321
13/2/2020,0.958589055
14/2/2020,0.95384943
15/2/2020,0.633924777
16/2/2020,0.584158719
17/2/2020,1.105517414
18/2/2020,0.952664524
19/2/2020,0.952664524
20/2/2020,1.01190983
21/2/2020,1.014279643
22/2/2020,0.668287054
23/2/2020,0.572309658
24/2/2020,1.058121169
25/2/2020,1.033238141
26/2/2020,1.007170206
27/2/2020,0.927781496
28/2/2020,0.848392785
29/2/2020,0.498845478
1/3/2020,0.472777544
2/3/2020,1.476393031
3/3/2020,0.793887104
4/3/2020,0.981102271
5/3/2020,1.088928729
6/3/2020,1.068785324
7/3/2020,0.677766303
8/3/2020,0.814030508
9/3/2020,0.806921071
10/3/2020,0.905268279
11/3/2020,1.04271739
12/3/2020,1.206234435
13/3/2020,2.008415881
14/3/2020,1.66953273
15/3/2020,1.77024975
16/3/2020,2.10676309
17/3/2020,2.320046192
18/3/2020,1.79157806
19/3/2020,1.724038411
20/3/2020,1.699155383
21/3/2020,1.451510003
22/3/2020,1.419517537
23/3/2020,1.457434533
24/3/2020,1.3543477
25/3/2020,1.529713807
26/3/2020,1.40648357
27/3/2020,1.156468378
28/3/2020,0.91711734
29/3/2020,0.80099654
30/3/2020,1.254815586
31/3/2020,1.151728753
1/4/2020,0.957404149
2/4/2020,0.914747528
3/4/2020,1.033238141
4/4/2020,0.846022973
5/4/2020,0.823509757
6/4/2020,1.099592884
7/4/2020,1.034423047
8/4/2020,1.203864623
9/4/2020,1.34842317
10/4/2020,1.509570403
11/4/2020,1.397004321
12/4/2020,1.51667984
13/4/2020,1.662423293
14/4/2020,1.484687374
15/4/2020,1.546302493
16/4/2020,1.920732828
17/4/2020,2.049887596
18/4/2020,1.867412052
19/4/2020,2.453940584
20/4/2020,2.945676626
21/4/2020,3.15540501
22/4/2020,2.801118079
23/4/2020,2.810597328
24/4/2020,2.730023711
25/4/2020,2.372182062
26/4/2020,2.539253825
27/4/2020,2.654189719
28/4/2020,2.75490674
29/4/2020,2.41246887
30/4/2020,2.350853751
1/5/2020,2.285683914
2/5/2020,2.84969923
3/5/2020,3.00255212
4/5/2020,3.143555949
5/5/2020,3.529835345
6/5/2020,3.316552243
7/5/2020,3.137631418
8/5/2020,2.993072871
9/5/2020,2.853253948
10/5/2020,3.574861778
11/5/2020,3.469405133
12/5/2020,2.897095475
13/5/2020,2.671963311
14/5/2020,2.529774576
15/5/2020,2.777419956
16/5/2020,3.509691941
17/5/2020,2.94449172
18/5/2020,2.617457629
19/5/2020,2.482378331
20/5/2020,2.348483939
21/5/2020,2.366257531
22/5/2020,2.309382037
23/5/2020,2.261985792
24/5/2020,2.484748143
25/5/2020,2.404174527
26/5/2020,2.208665016
27/5/2020,2.107947996
28/5/2020,1.952725293
29/5/2020,1.766695032
30/5/2020,1.656498762
31/5/2020,1.719298787
1/6/2020,2.035668722
2/6/2020,2.226438608
3/6/2020,1.88637055
4/6/2020,1.942061138
5/6/2020,1.833049775
6/6/2020,1.587774207
7/6/2020,3.272710716
8/6/2020,2.98714834
9/6/2020,2.472899082
10/6/2020,2.107947996
11/6/2020,2.093729122
12/6/2020,3.727714668
13/6/2020,2.784529393
14/6/2020,2.374551874
15/6/2020,2.110317808
16/6/2020,2.030929098
17/6/2020,2.026189473
18/6/2020,1.919547922
19/6/2020,1.700340289
20/6/2020,1.508385497
21/6/2020,1.52260437
22/6/2020,1.438476035
23/6/2020,1.355532607
24/6/2020,1.487057186
25/6/2020,1.529713807
26/6/2020,1.404113758
27/6/2020,1.110257039
28/6/2020,1.2382269
29/6/2020,1.317615611
30/6/2020,1.056936263
1/7/2020,1.046272108
2/7/2020,1.0640457
3/7/2020,0.886309781
4/7/2020,0.752415389
5/7/2020,0.778483324
6/7/2020,0.988211708
7/7/2020,0.870906002
8/7/2020,0.798626728
9/7/2020,0.665917242
10/7/2020,0.734641797
11/7/2020,0.606671936
12/7/2020,0.638664401
13/7/2020,0.799811634
14/7/2020,0.840098442
15/7/2020,0.846022973
16/7/2020,0.606671936
17/7/2020,0.534392662
18/7/2020,0.32110956
19/7/2020,0.356656744
20/7/2020,0.535577568
21/7/2020,0.439600172
22/7/2020,0.555720972
23/7/2020,0.567570034
24/7/2020,0.596007781
25/7/2020,0.276083127
26/7/2020,0.234611413
27/7/2020,0.369690711
28/7/2020,0.278452939
29/7/2020,0.43723036
30/7/2020,0.347177495
31/7/2020,0.314000123
1/8/2020,0.347177495
2/8/2020,0.259494441
3/8/2020,0.311630311
4/8/2020,0.169441576
5/8/2020,0.344807682
6/8/2020,0.283192564
7/8/2020,0.255939723
8/8/2020,0.151667984
9/8/2020,0.573494564
10/8/2020,0.398128458
11/8/2020,0.318739748
12/8/2020,0.29978125
13/8/2020,0.322294466
14/8/2020,0.16825667
15/8/2020,0.171811388
16/8/2020,0.225132164
17/8/2020,0.283192564
18/8/2020,0.162332139
19/8/2020,0.343622776
20/8/2020,0.396943552
21/8/2020,0.251200098
22/8/2020,0.13744911
23/8/2020,0.133894392
24/8/2020,0.167071764
25/8/2020,0.159962327
26/8/2020,0.150483078
27/8/2020,0.229871788
28/8/2020,0.329403903
29/8/2020,1.267849553
30/8/2020,0.732271985
31/8/2020,0.638664401
1/9/2020,0.271343503
2/9/2020,0.202618947
3/9/2020,0.213283102
4/9/2020,0.633924777
5/9/2020,0.180105731
6/9/2020,0.245275568
7/9/2020,0.409977519
8/9/2020,0.35784165
9/9/2020,0.408792613
10/9/2020,0.280822752
11/9/2020,0.359026556
12/9/2020,0.158777421
13/9/2020,0.229871788
14/9/2020,0.376800148
15/9/2020,0.351917119
16/9/2020,0.272528409
17/9/2020,0.292671813
18/9/2020,0.401683176
19/9/2020,0.297411437
20/9/2020,0.203803853
21/9/2020,0.41590205
22/9/2020,0.673026679
23/9/2020,0.376800148
24/9/2020,0.581788907
25/9/2020,0.475147356
26/9/2020,0.362581274
27/9/2020,0.81640032
28/9/2020,0.93252112
29/9/2020,0.904083373
30/9/2020,0.732271985
1/10/2020,0.958589055
2/10/2020,2.462234927
3/10/2020,1.756030877
4/10/2020,1.623321391
5/10/2020,1.378045823
6/10/2020,1.310506174
7/10/2020,1.171872157
8/10/2020,1.567630803
9/10/2020,1.246521243
10/10/2020,1.116181569
11/10/2020,0.995321145
12/10/2020,1.032053235
13/10/2020,1.171872157
14/10/2020,1.056936263
15/10/2020,0.960958867
16/10/2020,0.880385251
17/10/2020,0.716868205
18/10/2020,0.597192687
19/10/2020,0.91711734
20/10/2020,0.964513585
21/10/2020,0.899343749
22/10/2020,1.857932803
23/10/2020,2.984778528
24/10/2020,1.993012102
25/10/2020,1.656498762
26/10/2020,1.85911771
27/10/2020,1.528528901
28/10/2020,1.325909953
29/10/2020,1.168317439
30/10/2020,1.206234435
31/10/2020,0.968068304
1/11/2020,0.882755063
2/11/2020,0.989396614
3/11/2020,1.002430581
4/11/2020,1.353162794
5/11/2020,1.286808051
6/11/2020,1.218083496
7/11/2020,2.154159335
8/11/2020,2.912499254
9/11/2020,2.382846217
10/11/2020,1.970498885
11/11/2020,1.784468624
12/11/2020,1.415962819
13/11/2020,1.367381668
14/11/2020,1.066415512
15/11/2020,1.017834361
16/11/2020,1.020204173
17/11/2020,1.092483447
18/11/2020,0.893419218
19/11/2020,0.924226777
20/11/2020,0.778483324
21/11/2020,0.45263414
22/11/2020,0.507139821
23/11/2020,0.848392785
24/11/2020,0.718053112
25/11/2020,0.713313487
26/11/2020,0.652883275
27/11/2020,0.686060646
28/11/2020,0.406422801
29/11/2020,0.325849184
30/11/2020,0.655253087
1/12/2020,0.601932311
2/12/2020,0.631554964
3/12/2020,0.548611536
4/12/2020,0.449079421
5/12/2020,0.235796319
6/12/2020,0.246460474
7/12/2020,0.696724801
8/12/2020,0.242905756
9/12/2020,0.216837821
10/12/2020,0.411162425
11/12/2020,0.678951209
12/12/2020,0.374430335
13/12/2020,0.271343503
14/12/2020,0.577049283
15/12/2020,0.657622899
16/12/2020,0.681321022
17/12/2020,0.630370058
18/12/2020,0.630370058
19/12/2020,0.312815217
20/12/2020,0.252385005
21/12/2020,0.636294589
22/12/2020,0.649328556
23/12/2020,0.620890809
24/12/2020,0.751230483
25/12/2020,0.364951086
26/12/2020,0.300966156
27/12/2020,0.478702074
28/12/2020,0.670656867
29/12/2020,0.56875494
30/12/2020,0.55335116
31/12/2020,0.581788907
1/1/2021,0.229871788
2/1/2021,0.2322416
3/1/2021,0.310445405
4/1/2021,0.515434164
5/1/2021,0.513064352
6/1/2021,0.176551013
7/1/2021,0.502400197
8/1/2021,0.665917242
9/1/2021,0.191954792
10/1/2021,0.200249135
11/1/2021,0.483441699
12/1/2021,0.492920948
13/1/2021,0.392203927
14/1/2021,0.391019021
15/1/2021,0.368505805
16/1/2021,0.16825667
17/1/2021,0.200249135
18/1/2021,0.496475666
19/1/2021,0.49529076
20/1/2021,0.347177495
21/1/2021,0.393388833
22/1/2021,0.596007781
23/1/2021,0.216837821
24/1/2021,0.201434041
25/1/2021,0.39457374
26/1/2021,0.426566205
27/1/2021,0.625630434
28/1/2021,0.95384943
29/1/2021,0.861426753
30/1/2021,0.509509634
31/1/2021,0.451449233
1/2/2021,0.936075838
2/2/2021,0.815215414
3/2/2021,0.74293614
4/2/2021,0.797441822
5/2/2021,0.753600295
6/2/2021,0.494105854
7/2/2021,0.449079421
8/2/2021,0.89578903
9/2/2021,0.738196516
10/2/2021,0.693170083
11/2/2021,0.638664401
12/2/2021,0.630370058
13/2/2021,0.364951086
14/2/2021,0.308075592
15/2/2021,0.676581397
16/2/2021,0.62681534
17/2/2021,0.656437993
18/2/2021,0.629185152
19/2/2021,0.745305952
20/2/2021,0.468037919
21/2/2021,0.466853013
22/2/2021,1.078264573
23/2/2021,0.906453185
24/2/2021,0.866166377
25/2/2021,0.87446072
26/2/2021,1.045087202
27/2/2021,0.638664401
28/2/2021,0.64221912
1/3/2021,1.060490982
2/3/2021,0.777298418
3/3/2021,0.524913413
4/3/2021,0.413532238
5/3/2021,0.873275814
6/3/2021,0.543871911
7/3/2021,0.591268156
8/3/2021,0.693170083
9/3/2021,0.74293614
10/3/2021,0.630370058
11/3/2021,0.515434164
12/3/2021,0.617336091
13/3/2021,0.419456768
14/3/2021,0.376800148
15/3/2021,0.818770132
16/3/2021,0.650513462
17/3/2021,0.586528532
18/3/2021,0.579419095
19/3/2021,0.643404026
20/3/2021,0.368505805
21/3/2021,0.26304916
22/3/2021,0.440785078
23/3/2021,0.439600172
24/3/2021,0.450264327
25/3/2021,0.485811511
26/3/2021,0.633924777
27/3/2021,0.445524703
28/3/2021,0.581788907
29/3/2021,1.0059853
29/3/2021,1.0059853
30/3/2021,1.131585349
30/3/2021,1.131585349
31/3/2021,1.258370304
31/3/2021,1.258370304
1/4/2021,1.423072256
1/4/2021,1.423072256
2/4/2021,1.38515526
2/4/2021,1.38515526
3/4/2021,1.25363068
3/4/2021,1.25363068
4/4/2021,1.17424197
4/4/2021,1.17424197
5/4/2021,1.27495899
5/4/2021,1.27495899
6/4/2021,1.251260868
6/4/2021,1.251260868
7/4/2021,1.20149481
7/4/2021,1.20149481
8/4/2021,1.139879692
8/4/2021,1.139879692
9/4/2021,1.052196639
9/4/2021,1.052196639
10/4/2021,0.91711734
10/4/2021,0.91711734
11/4/2021,0.799811634
11/4/2021,0.799811634
12/4/2021,0.888679593
12/4/2021,0.888679593
13/4/2021,0.970438116
13/4/2021,0.970438116
14/4/2021,0.678951209
14/4/2021,0.678951209
15/4/2021,0.592453062
15/4/2021,0.592453062
16/4/2021,0.79507201
16/4/2021,0.79507201
17/4/2021,0.546241723
17/4/2021,0.546241723
18/4/2021,0.481071887
18/4/2021,0.481071887
19/4/2021,0.70027952
19/4/2021,0.70027952
20/4/2021,0.629185152
20/4/2021,0.629185152
21/4/2021,0.539132287
21/4/2021,0.539132287
22/4/2021,0.530837944
22/4/2021,0.530837944
23/4/2021,0.567570034
23/4/2021,0.567570034
24/4/2021,0.432490735
24/4/2021,0.432490735
25/4/2021,0.511879446
25/4/2021,0.511879446
26/4/2021,1.0059853
26/4/2021,1.0059853
27/4/2021,1.071155137
28/4/2021,1.080634386
29/4/2021,1.425442068
30/4/2021,2.043963065
1/5/2021,1.991827196
2/5/2021,1.533268525
3/5/2021,1.430181692
4/5/2021,1.335389202
5/5/2021,1.164762721
6/5/2021,1.386340166
7/5/2021,1.898219612
8/5/2021,1.686121415
9/5/2021,2.482378331
10/5/2021,3.111563483
11/5/2021,2.373366968
12/5/2021,1.853193179
13/5/2021,1.606732705
14/5/2021,1.431366599
15/5/2021,1.229932557
16/5/2021,1.450325097
17/5/2021,1.855562991
18/5/2021,1.879261114
19/5/2021,1.760770501
20/5/2021,1.686121415
21/5/2021,1.686121415
22/5/2021,1.573555334
23/5/2021,1.682566697
24/5/2021,1.536823244
25/5/2021,1.222823121
26/5/2021,1.242966525
27/5/2021,1.194385374
28/5/2021,1.283253333
29/5/2021,1.099592884
30/5/2021,1.285623145
31/5/2021,1.500091154
1/6/2021,1.381600541
2/6/2021,1.401743945
3/6/2021,1.227562745
4/6/2021,1.209789153
5/6/2021,1.060490982
6/6/2021,1.297472206
7/6/2021,1.247706149
8/6/2021,1.167132533
9/6/2021,1.023758892
10/6/2021,0.964513585
11/6/2021,0.925411683
12/6/2021,0.741751234
13/6/2021,0.694354989
14/6/2021,1.039162671
15/6/2021,0.937260745
16/6/2021,0.808105977
17/6/2021,1.186091031
18/6/2021,1.252445774
19/6/2021,0.985841896
20/6/2021,1.478762844
21/6/2021,1.524974182
22/6/2021,1.181351406
23/6/2021,1.515494933
24/6/2021,1.136324974
25/6/2021,1.017834361
26/6/2021,0.769004075
27/6/2021,0.680136116
28/6/2021,0.888679593
29/6/2021,0.70620405
30/6/2021,0.687245552
1/7/2021,0.649328556
2/7/2021,0.598377593
3/7/2021,0.567570034
4/7/2021,0.546241723
5/7/2021,0.503585103
6/7/2021,0.554536066
7/7/2021,0.565200221
8/7/2021,0.484626605
9/7/2021,0.43723036
10/7/2021,0.196694417
11/7/2021,0.187215168
12/7/2021,0.529653038
13/7/2021,0.391019021
14/7/2021,0.368505805
15/7/2021,0.372060523
16/7/2021,0.24764538
17/7/2021,0.181290637
18/7/2021,0.164701951
19/7/2021,0.304520874
20/7/2021,0.486996417
21/7/2021,0.30570578
22/7/2021,0.374430335
23/7/2021,0.543871911
24/7/2021,0.149298172
25/7/2021,0.132709486
26/7/2021,0.392203927
27/7/2021,0.251200098
28/7/2021,0.186030262
29/7/2021,0.279637845
30/7/2021,0.386279397
31/7/2021,0.504770009
1/8/2021,0.861426753
2/8/2021,0.752415389
3/8/2021,0.349547307
4/8/2021,0.462113389
5/8/2021,0.645773838
6/8/2021,0.376800148
7/8/2021,0.367320899
8/8/2021,0.366135993
9/8/2021,0.406422801
10/8/2021,0.345992588
11/8/2021,0.311630311
12/8/2021,0.306890686
13/8/2021,0.290302001
14/8/2021,0.133894392
15/8/2021,0.122045331
16/8/2021,0.271343503
17/8/2021,0.291486907
18/8/2021,0.162332139
19/8/2021,0.239351037
20/8/2021,0.141003829
21/8/2021,0.133894392
22/8/2021,0.130339674
23/8/2021,0.277268033
24/8/2021,0.156407608
25/8/2021,0.155222702
26/8/2021,0.167071764
27/8/2021,0.135079298
28/8/2021,0.104271739
29/8/2021,0.098347208
30/8/2021,0.103086833
31/8/2021,0.29978125
1/9/2021,0.254754817
2/9/2021,0.234611413
3/9/2021,0.255939723
4/9/2021,0.148113266
5/9/2021,0.1161208
6/9/2021,0.220392539
7/9/2021,0.208543478
8/9/2021,0.213283102
9/9/2021,0.264234066
10/9/2021,0.331773715
11/9/2021,0.146928359
12/9/2021,0.122045331
13/9/2021,0.295041625
14/9/2021,0.72160783
15/9/2021,0.28437747
16/9/2021,0.459743576
17/9/2021,0.351917119
18/9/2021,0.293856719
19/9/2021,0.260679347
20/9/2021,0.369690711
21/9/2021,0.464483201
22/9/2021,0.244090662
23/9/2021,0.392203927
24/9/2021,0.314000123
25/9/2021,0.190769886
26/9/2021,0.159962327
27/9/2021,0.316369935
28/9/2021,0.322294466
29/9/2021,0.231056694
30/9/2021,0.280822752
1/10/2021,0.303335968